solid Default
  facet normal -1.000000e+00 0.000000e+00 0.000000e+00
    outer loop
      vertex -2.430000e+01 1.000000e+01 1.500000e+01
      vertex -2.430000e+01 1.000000e+01 3.552714e-15
      vertex -2.430000e+01 -1.000000e+01 1.500000e+01
    endloop
  endfacet
  facet normal -1.000000e+00 0.000000e+00 -0.000000e+00
    outer loop
      vertex -2.430000e+01 -1.000000e+01 1.500000e+01
      vertex -2.430000e+01 1.000000e+01 3.552714e-15
      vertex -2.430000e+01 -1.000000e+01 1.776357e-15
    endloop
  endfacet
  facet normal -9.980268e-01 6.278998e-02 7.689555e-18
    outer loop
      vertex -2.430000e+01 1.000000e+01 1.500000e+01
      vertex -2.428186e+01 1.028827e+01 1.500000e+01
      vertex -2.430000e+01 1.000000e+01 3.552714e-15
    endloop
  endfacet
  facet normal -9.980268e-01 6.278998e-02 7.689555e-18
    outer loop
      vertex -2.430000e+01 1.000000e+01 3.552714e-15
      vertex -2.428186e+01 1.028827e+01 1.500000e+01
      vertex -2.428186e+01 1.028827e+01 3.552714e-15
    endloop
  endfacet
  facet normal -0.000000e+00 -1.224647e-16 1.000000e+00
    outer loop
      vertex -2.430000e+01 1.000000e+01 1.500000e+01
      vertex -2.430000e+01 -1.000000e+01 1.500000e+01
      vertex -2.428186e+01 1.028827e+01 1.500000e+01
    endloop
  endfacet
  facet normal 0.000000e+00 -1.224647e-16 1.000000e+00
    outer loop
      vertex -2.428186e+01 1.028827e+01 1.500000e+01
      vertex -2.430000e+01 -1.000000e+01 1.500000e+01
      vertex -2.428186e+01 -1.028826e+01 1.500000e+01
    endloop
  endfacet
  facet normal 0.000000e+00 -1.224647e-16 1.000000e+00
    outer loop
      vertex -2.428186e+01 1.028827e+01 1.500000e+01
      vertex -2.428186e+01 -1.028826e+01 1.500000e+01
      vertex -2.422774e+01 -1.057199e+01 1.500000e+01
    endloop
  endfacet
  facet normal 0.000000e+00 -1.224647e-16 1.000000e+00
    outer loop
      vertex -2.428186e+01 1.028827e+01 1.500000e+01
      vertex -2.422774e+01 -1.057199e+01 1.500000e+01
      vertex -2.413849e+01 -1.084669e+01 1.500000e+01
    endloop
  endfacet
  facet normal 0.000000e+00 -1.224647e-16 1.000000e+00
    outer loop
      vertex -2.428186e+01 1.028827e+01 1.500000e+01
      vertex -2.413849e+01 -1.084669e+01 1.500000e+01
      vertex -2.401550e+01 -1.110803e+01 1.500000e+01
    endloop
  endfacet
  facet normal 0.000000e+00 -1.224647e-16 1.000000e+00
    outer loop
      vertex -2.428186e+01 1.028827e+01 1.500000e+01
      vertex -2.401550e+01 -1.110803e+01 1.500000e+01
      vertex -2.386074e+01 -1.135191e+01 1.500000e+01
    endloop
  endfacet
  facet normal 0.000000e+00 -1.224647e-16 1.000000e+00
    outer loop
      vertex -2.428186e+01 1.028827e+01 1.500000e+01
      vertex -2.386074e+01 -1.135191e+01 1.500000e+01
      vertex -2.367663e+01 -1.157446e+01 1.500000e+01
    endloop
  endfacet
  facet normal 0.000000e+00 -1.224647e-16 1.000000e+00
    outer loop
      vertex -2.428186e+01 1.028827e+01 1.500000e+01
      vertex -2.367663e+01 -1.157446e+01 1.500000e+01
      vertex -2.346607e+01 -1.177218e+01 1.500000e+01
    endloop
  endfacet
  facet normal 0.000000e+00 -1.224647e-16 1.000000e+00
    outer loop
      vertex -2.428186e+01 1.028827e+01 1.500000e+01
      vertex -2.346607e+01 -1.177218e+01 1.500000e+01
      vertex -2.323240e+01 -1.194195e+01 1.500000e+01
    endloop
  endfacet
  facet normal 0.000000e+00 -1.224647e-16 1.000000e+00
    outer loop
      vertex -2.428186e+01 1.028827e+01 1.500000e+01
      vertex -2.323240e+01 -1.194195e+01 1.500000e+01
      vertex -2.297929e+01 -1.208110e+01 1.500000e+01
    endloop
  endfacet
  facet normal 0.000000e+00 -1.224647e-16 1.000000e+00
    outer loop
      vertex -2.300000e+01 -1.100000e+01 1.500000e+01
      vertex -2.297929e+01 -1.208110e+01 1.500000e+01
      vertex -2.271074e+01 -1.218743e+01 1.500000e+01
    endloop
  endfacet
  facet normal 0.000000e+00 -1.224647e-16 1.000000e+00
    outer loop
      vertex -2.428186e+01 1.028827e+01 1.500000e+01
      vertex -2.297929e+01 -1.208110e+01 1.500000e+01
      vertex -2.300000e+01 -1.100000e+01 1.500000e+01
    endloop
  endfacet
  facet normal 0.000000e+00 -1.224647e-16 1.000000e+00
    outer loop
      vertex -2.300000e+01 1.100000e+01 1.500000e+01
      vertex -2.428186e+01 1.028827e+01 1.500000e+01
      vertex -2.300000e+01 -1.100000e+01 1.500000e+01
    endloop
  endfacet
  facet normal 0.000000e+00 -1.224647e-16 1.000000e+00
    outer loop
      vertex 7.500000e+00 -1.229546e+01 1.500000e+01
      vertex 2.300000e+01 -1.100000e+01 1.500000e+01
      vertex 7.500000e+00 -1.100000e+01 1.500000e+01
    endloop
  endfacet
  facet normal 0.000000e+00 -1.224647e-16 1.000000e+00
    outer loop
      vertex 2.300000e+01 -1.100000e+01 1.500000e+01
      vertex 7.500000e+00 -1.229546e+01 1.500000e+01
      vertex 2.214442e+01 -1.229546e+01 1.500000e+01
    endloop
  endfacet
  facet normal 0.000000e+00 -1.224647e-16 1.000000e+00
    outer loop
      vertex 2.300000e+01 -1.100000e+01 1.500000e+01
      vertex 2.214442e+01 -1.229546e+01 1.500000e+01
      vertex 2.243098e+01 -1.225926e+01 1.500000e+01
    endloop
  endfacet
  facet normal 0.000000e+00 -1.224647e-16 1.000000e+00
    outer loop
      vertex 2.300000e+01 -1.100000e+01 1.500000e+01
      vertex 2.243098e+01 -1.225926e+01 1.500000e+01
      vertex 2.271074e+01 -1.218743e+01 1.500000e+01
    endloop
  endfacet
  facet normal 0.000000e+00 -1.224647e-16 1.000000e+00
    outer loop
      vertex 2.300000e+01 -1.100000e+01 1.500000e+01
      vertex 2.271074e+01 -1.218743e+01 1.500000e+01
      vertex 2.297929e+01 -1.208110e+01 1.500000e+01
    endloop
  endfacet
  facet normal 0.000000e+00 -1.224647e-16 1.000000e+00
    outer loop
      vertex 2.300000e+01 -1.100000e+01 1.500000e+01
      vertex 2.297929e+01 -1.208110e+01 1.500000e+01
      vertex 2.323240e+01 -1.194195e+01 1.500000e+01
    endloop
  endfacet
  facet normal 0.000000e+00 -1.224647e-16 1.000000e+00
    outer loop
      vertex 2.300000e+01 -1.100000e+01 1.500000e+01
      vertex 2.323240e+01 -1.194195e+01 1.500000e+01
      vertex 2.300000e+01 1.100000e+01 1.500000e+01
    endloop
  endfacet
  facet normal 0.000000e+00 -1.224647e-16 1.000000e+00
    outer loop
      vertex 2.300000e+01 1.100000e+01 1.500000e+01
      vertex 2.323240e+01 -1.194195e+01 1.500000e+01
      vertex 2.346608e+01 -1.177218e+01 1.500000e+01
    endloop
  endfacet
  facet normal 0.000000e+00 -1.224647e-16 1.000000e+00
    outer loop
      vertex 2.300000e+01 1.100000e+01 1.500000e+01
      vertex 2.346608e+01 -1.177218e+01 1.500000e+01
      vertex 2.367663e+01 -1.157446e+01 1.500000e+01
    endloop
  endfacet
  facet normal 0.000000e+00 -1.224647e-16 1.000000e+00
    outer loop
      vertex 2.300000e+01 1.100000e+01 1.500000e+01
      vertex 2.367663e+01 -1.157446e+01 1.500000e+01
      vertex 2.386074e+01 -1.135191e+01 1.500000e+01
    endloop
  endfacet
  facet normal 0.000000e+00 -1.224647e-16 1.000000e+00
    outer loop
      vertex 2.300000e+01 1.100000e+01 1.500000e+01
      vertex 2.386074e+01 -1.135191e+01 1.500000e+01
      vertex 2.401551e+01 -1.110803e+01 1.500000e+01
    endloop
  endfacet
  facet normal 0.000000e+00 -1.224647e-16 1.000000e+00
    outer loop
      vertex 2.300000e+01 1.100000e+01 1.500000e+01
      vertex 2.401551e+01 -1.110803e+01 1.500000e+01
      vertex 2.413849e+01 -1.084669e+01 1.500000e+01
    endloop
  endfacet
  facet normal 0.000000e+00 -1.224647e-16 1.000000e+00
    outer loop
      vertex 2.300000e+01 1.100000e+01 1.500000e+01
      vertex 2.413849e+01 -1.084669e+01 1.500000e+01
      vertex 2.422774e+01 -1.057199e+01 1.500000e+01
    endloop
  endfacet
  facet normal 0.000000e+00 -1.224647e-16 1.000000e+00
    outer loop
      vertex 2.300000e+01 1.100000e+01 1.500000e+01
      vertex 2.422774e+01 -1.057199e+01 1.500000e+01
      vertex 2.428186e+01 -1.028826e+01 1.500000e+01
    endloop
  endfacet
  facet normal 0.000000e+00 -1.224647e-16 1.000000e+00
    outer loop
      vertex 2.300000e+01 1.100000e+01 1.500000e+01
      vertex 2.428186e+01 -1.028826e+01 1.500000e+01
      vertex 2.430000e+01 -1.000000e+01 1.500000e+01
    endloop
  endfacet
  facet normal 0.000000e+00 -1.224647e-16 1.000000e+00
    outer loop
      vertex 2.300000e+01 1.100000e+01 1.500000e+01
      vertex 2.430000e+01 -1.000000e+01 1.500000e+01
      vertex 2.430000e+01 1.000000e+01 1.500000e+01
    endloop
  endfacet
  facet normal 0.000000e+00 -1.224647e-16 1.000000e+00
    outer loop
      vertex 2.300000e+01 1.100000e+01 1.500000e+01
      vertex 2.430000e+01 1.000000e+01 1.500000e+01
      vertex 2.428186e+01 1.028827e+01 1.500000e+01
    endloop
  endfacet
  facet normal 0.000000e+00 -1.224647e-16 1.000000e+00
    outer loop
      vertex 2.300000e+01 1.100000e+01 1.500000e+01
      vertex 2.428186e+01 1.028827e+01 1.500000e+01
      vertex 2.422774e+01 1.057199e+01 1.500000e+01
    endloop
  endfacet
  facet normal 0.000000e+00 -1.224647e-16 1.000000e+00
    outer loop
      vertex 2.300000e+01 1.100000e+01 1.500000e+01
      vertex 2.422774e+01 1.057199e+01 1.500000e+01
      vertex 2.413849e+01 1.084669e+01 1.500000e+01
    endloop
  endfacet
  facet normal 0.000000e+00 -1.224647e-16 1.000000e+00
    outer loop
      vertex 2.300000e+01 1.100000e+01 1.500000e+01
      vertex 2.413849e+01 1.084669e+01 1.500000e+01
      vertex 2.401551e+01 1.110803e+01 1.500000e+01
    endloop
  endfacet
  facet normal 0.000000e+00 -1.224647e-16 1.000000e+00
    outer loop
      vertex 2.300000e+01 1.100000e+01 1.500000e+01
      vertex 2.401551e+01 1.110803e+01 1.500000e+01
      vertex -2.300000e+01 1.100000e+01 1.500000e+01
    endloop
  endfacet
  facet normal 0.000000e+00 -1.224647e-16 1.000000e+00
    outer loop
      vertex -2.300000e+01 1.100000e+01 1.500000e+01
      vertex 2.401551e+01 1.110803e+01 1.500000e+01
      vertex 2.386074e+01 1.135191e+01 1.500000e+01
    endloop
  endfacet
  facet normal 0.000000e+00 -1.224647e-16 1.000000e+00
    outer loop
      vertex -2.300000e+01 1.100000e+01 1.500000e+01
      vertex 2.386074e+01 1.135191e+01 1.500000e+01
      vertex 2.367663e+01 1.157446e+01 1.500000e+01
    endloop
  endfacet
  facet normal 0.000000e+00 -1.224647e-16 1.000000e+00
    outer loop
      vertex -2.300000e+01 1.100000e+01 1.500000e+01
      vertex 2.367663e+01 1.157446e+01 1.500000e+01
      vertex 2.346608e+01 1.177218e+01 1.500000e+01
    endloop
  endfacet
  facet normal 0.000000e+00 -1.224647e-16 1.000000e+00
    outer loop
      vertex -2.300000e+01 1.100000e+01 1.500000e+01
      vertex 2.346608e+01 1.177218e+01 1.500000e+01
      vertex 2.323240e+01 1.194195e+01 1.500000e+01
    endloop
  endfacet
  facet normal 0.000000e+00 -1.224647e-16 1.000000e+00
    outer loop
      vertex -2.300000e+01 1.100000e+01 1.500000e+01
      vertex 2.323240e+01 1.194195e+01 1.500000e+01
      vertex 2.297929e+01 1.208110e+01 1.500000e+01
    endloop
  endfacet
  facet normal 0.000000e+00 -1.224647e-16 1.000000e+00
    outer loop
      vertex -2.300000e+01 1.100000e+01 1.500000e+01
      vertex 2.297929e+01 1.208110e+01 1.500000e+01
      vertex 2.271074e+01 1.218743e+01 1.500000e+01
    endloop
  endfacet
  facet normal 0.000000e+00 -1.224647e-16 1.000000e+00
    outer loop
      vertex -2.300000e+01 1.100000e+01 1.500000e+01
      vertex 2.271074e+01 1.218743e+01 1.500000e+01
      vertex 2.243098e+01 1.225926e+01 1.500000e+01
    endloop
  endfacet
  facet normal 0.000000e+00 -1.224647e-16 1.000000e+00
    outer loop
      vertex -2.300000e+01 1.100000e+01 1.500000e+01
      vertex 2.243098e+01 1.225926e+01 1.500000e+01
      vertex 2.214442e+01 1.229546e+01 1.500000e+01
    endloop
  endfacet
  facet normal 0.000000e+00 -1.224647e-16 1.000000e+00
    outer loop
      vertex -2.300000e+01 1.100000e+01 1.500000e+01
      vertex 2.214442e+01 1.229546e+01 1.500000e+01
      vertex -2.214442e+01 1.229546e+01 1.500000e+01
    endloop
  endfacet
  facet normal 0.000000e+00 -1.224647e-16 1.000000e+00
    outer loop
      vertex -2.300000e+01 1.100000e+01 1.500000e+01
      vertex -2.214442e+01 1.229546e+01 1.500000e+01
      vertex -2.428186e+01 1.028827e+01 1.500000e+01
    endloop
  endfacet
  facet normal 0.000000e+00 -1.224647e-16 1.000000e+00
    outer loop
      vertex -2.428186e+01 1.028827e+01 1.500000e+01
      vertex -2.214442e+01 1.229546e+01 1.500000e+01
      vertex -2.243098e+01 1.225926e+01 1.500000e+01
    endloop
  endfacet
  facet normal 0.000000e+00 -1.224647e-16 1.000000e+00
    outer loop
      vertex -2.428186e+01 1.028827e+01 1.500000e+01
      vertex -2.243098e+01 1.225926e+01 1.500000e+01
      vertex -2.271074e+01 1.218743e+01 1.500000e+01
    endloop
  endfacet
  facet normal 0.000000e+00 -1.224647e-16 1.000000e+00
    outer loop
      vertex -2.428186e+01 1.028827e+01 1.500000e+01
      vertex -2.271074e+01 1.218743e+01 1.500000e+01
      vertex -2.297929e+01 1.208110e+01 1.500000e+01
    endloop
  endfacet
  facet normal 0.000000e+00 -1.224647e-16 1.000000e+00
    outer loop
      vertex -2.428186e+01 1.028827e+01 1.500000e+01
      vertex -2.297929e+01 1.208110e+01 1.500000e+01
      vertex -2.323240e+01 1.194195e+01 1.500000e+01
    endloop
  endfacet
  facet normal 0.000000e+00 -1.224647e-16 1.000000e+00
    outer loop
      vertex -2.428186e+01 1.028827e+01 1.500000e+01
      vertex -2.323240e+01 1.194195e+01 1.500000e+01
      vertex -2.346607e+01 1.177218e+01 1.500000e+01
    endloop
  endfacet
  facet normal 0.000000e+00 -1.224647e-16 1.000000e+00
    outer loop
      vertex -2.428186e+01 1.028827e+01 1.500000e+01
      vertex -2.346607e+01 1.177218e+01 1.500000e+01
      vertex -2.367663e+01 1.157446e+01 1.500000e+01
    endloop
  endfacet
  facet normal 0.000000e+00 -1.224647e-16 1.000000e+00
    outer loop
      vertex -2.428186e+01 1.028827e+01 1.500000e+01
      vertex -2.367663e+01 1.157446e+01 1.500000e+01
      vertex -2.386074e+01 1.135191e+01 1.500000e+01
    endloop
  endfacet
  facet normal 0.000000e+00 -1.224647e-16 1.000000e+00
    outer loop
      vertex -2.428186e+01 1.028827e+01 1.500000e+01
      vertex -2.386074e+01 1.135191e+01 1.500000e+01
      vertex -2.401550e+01 1.110803e+01 1.500000e+01
    endloop
  endfacet
  facet normal 0.000000e+00 -1.224647e-16 1.000000e+00
    outer loop
      vertex -2.428186e+01 1.028827e+01 1.500000e+01
      vertex -2.401550e+01 1.110803e+01 1.500000e+01
      vertex -2.413849e+01 1.084669e+01 1.500000e+01
    endloop
  endfacet
  facet normal 0.000000e+00 -1.224647e-16 1.000000e+00
    outer loop
      vertex -2.428186e+01 1.028827e+01 1.500000e+01
      vertex -2.413849e+01 1.084669e+01 1.500000e+01
      vertex -2.422774e+01 1.057199e+01 1.500000e+01
    endloop
  endfacet
  facet normal 0.000000e+00 -1.224647e-16 1.000000e+00
    outer loop
      vertex -2.300000e+01 -1.100000e+01 1.500000e+01
      vertex -2.271074e+01 -1.218743e+01 1.500000e+01
      vertex -2.243098e+01 -1.225926e+01 1.500000e+01
    endloop
  endfacet
  facet normal 0.000000e+00 -1.224647e-16 1.000000e+00
    outer loop
      vertex -2.300000e+01 -1.100000e+01 1.500000e+01
      vertex -2.243098e+01 -1.225926e+01 1.500000e+01
      vertex -2.214442e+01 -1.229546e+01 1.500000e+01
    endloop
  endfacet
  facet normal 0.000000e+00 -1.224647e-16 1.000000e+00
    outer loop
      vertex -2.300000e+01 -1.100000e+01 1.500000e+01
      vertex -2.214442e+01 -1.229546e+01 1.500000e+01
      vertex -7.500000e+00 -1.229546e+01 1.500000e+01
    endloop
  endfacet
  facet normal 0.000000e+00 -1.224647e-16 1.000000e+00
    outer loop
      vertex -2.300000e+01 -1.100000e+01 1.500000e+01
      vertex -7.500000e+00 -1.229546e+01 1.500000e+01
      vertex -7.500000e+00 -1.100000e+01 1.500000e+01
    endloop
  endfacet
  facet normal -9.980268e-01 -6.278998e-02 -7.689555e-18
    outer loop
      vertex -2.430000e+01 -1.000000e+01 1.500000e+01
      vertex -2.430000e+01 -1.000000e+01 1.776357e-15
      vertex -2.428186e+01 -1.028826e+01 1.500000e+01
    endloop
  endfacet
  facet normal -9.980268e-01 -6.278998e-02 -7.689555e-18
    outer loop
      vertex -2.428186e+01 -1.028826e+01 1.500000e+01
      vertex -2.430000e+01 -1.000000e+01 1.776357e-15
      vertex -2.428186e+01 -1.028826e+01 1.776357e-15
    endloop
  endfacet
  facet normal 0.000000e+00 1.224647e-16 -1.000000e+00
    outer loop
      vertex -2.430000e+01 -1.000000e+01 1.776357e-15
      vertex -2.430000e+01 1.000000e+01 3.552714e-15
      vertex -2.428186e+01 1.028827e+01 3.552714e-15
    endloop
  endfacet
  facet normal 0.000000e+00 1.224647e-16 -1.000000e+00
    outer loop
      vertex -2.413849e+01 1.084669e+01 3.552714e-15
      vertex -2.430000e+01 -1.000000e+01 1.776357e-15
      vertex -2.422774e+01 1.057199e+01 3.552714e-15
    endloop
  endfacet
  facet normal 0.000000e+00 1.224647e-16 -1.000000e+00
    outer loop
      vertex -2.422774e+01 1.057199e+01 3.552714e-15
      vertex -2.430000e+01 -1.000000e+01 1.776357e-15
      vertex -2.428186e+01 1.028827e+01 3.552714e-15
    endloop
  endfacet
  facet normal 0.000000e+00 1.224647e-16 -1.000000e+00
    outer loop
      vertex -2.401550e+01 1.110803e+01 3.552714e-15
      vertex -2.430000e+01 -1.000000e+01 1.776357e-15
      vertex -2.413849e+01 1.084669e+01 3.552714e-15
    endloop
  endfacet
  facet normal 0.000000e+00 1.224647e-16 -1.000000e+00
    outer loop
      vertex -2.386074e+01 1.135191e+01 3.552714e-15
      vertex -2.430000e+01 -1.000000e+01 1.776357e-15
      vertex -2.401550e+01 1.110803e+01 3.552714e-15
    endloop
  endfacet
  facet normal 0.000000e+00 1.224647e-16 -1.000000e+00
    outer loop
      vertex -2.367663e+01 1.157446e+01 3.552714e-15
      vertex -2.430000e+01 -1.000000e+01 1.776357e-15
      vertex -2.386074e+01 1.135191e+01 3.552714e-15
    endloop
  endfacet
  facet normal 0.000000e+00 1.224647e-16 -1.000000e+00
    outer loop
      vertex -2.346607e+01 1.177218e+01 3.552714e-15
      vertex -2.430000e+01 -1.000000e+01 1.776357e-15
      vertex -2.367663e+01 1.157446e+01 3.552714e-15
    endloop
  endfacet
  facet normal 0.000000e+00 1.224647e-16 -1.000000e+00
    outer loop
      vertex -2.323240e+01 1.194195e+01 3.552714e-15
      vertex -2.430000e+01 -1.000000e+01 1.776357e-15
      vertex -2.346607e+01 1.177218e+01 3.552714e-15
    endloop
  endfacet
  facet normal 0.000000e+00 1.224647e-16 -1.000000e+00
    outer loop
      vertex -2.297929e+01 1.208110e+01 3.552714e-15
      vertex -2.430000e+01 -1.000000e+01 1.776357e-15
      vertex -2.323240e+01 1.194195e+01 3.552714e-15
    endloop
  endfacet
  facet normal 0.000000e+00 1.224647e-16 -1.000000e+00
    outer loop
      vertex -2.271074e+01 1.218743e+01 3.552714e-15
      vertex -2.430000e+01 -1.000000e+01 1.776357e-15
      vertex -2.297929e+01 1.208110e+01 3.552714e-15
    endloop
  endfacet
  facet normal 0.000000e+00 1.224647e-16 -1.000000e+00
    outer loop
      vertex -2.243098e+01 1.225926e+01 3.552714e-15
      vertex -2.430000e+01 -1.000000e+01 1.776357e-15
      vertex -2.271074e+01 1.218743e+01 3.552714e-15
    endloop
  endfacet
  facet normal 0.000000e+00 1.224647e-16 -1.000000e+00
    outer loop
      vertex -2.214442e+01 1.229546e+01 3.552714e-15
      vertex -2.430000e+01 -1.000000e+01 1.776357e-15
      vertex -2.243098e+01 1.225926e+01 3.552714e-15
    endloop
  endfacet
  facet normal 0.000000e+00 1.224647e-16 -1.000000e+00
    outer loop
      vertex -2.094724e+01 9.730715e-01 1.776357e-15
      vertex -2.430000e+01 -1.000000e+01 1.776357e-15
      vertex -2.214442e+01 1.229546e+01 3.552714e-15
    endloop
  endfacet
  facet normal 0.000000e+00 1.224647e-16 -1.000000e+00
    outer loop
      vertex -3.210415e+00 -1.934734e+00 1.776357e-15
      vertex -3.000000e+00 3.576279e-07 1.776357e-15
      vertex 3.471121e+00 2.873714e+00 3.552714e-15
    endloop
  endfacet
  facet normal 0.000000e+00 1.224647e-16 -1.000000e+00
    outer loop
      vertex 3.052758e+00 9.730715e-01 1.776357e-15
      vertex 3.052758e+00 -9.730707e-01 1.776357e-15
      vertex -3.831821e+00 -3.779002e+00 1.776357e-15
    endloop
  endfacet
  facet normal 0.000000e+00 1.224647e-16 -1.000000e+00
    outer loop
      vertex 3.052758e+00 9.730715e-01 1.776357e-15
      vertex -3.831821e+00 -3.779002e+00 1.776357e-15
      vertex -3.210415e+00 -1.934734e+00 1.776357e-15
    endloop
  endfacet
  facet normal 0.000000e+00 1.224647e-16 -1.000000e+00
    outer loop
      vertex 1.621568e+01 7.951608e+00 3.552714e-15
      vertex 2.346608e+01 1.177218e+01 3.552714e-15
      vertex 2.367663e+01 1.157446e+01 3.552714e-15
    endloop
  endfacet
  facet normal 0.000000e+00 1.224647e-16 -1.000000e+00
    outer loop
      vertex -9.592245e+00 -8.671949e+00 1.776357e-15
      vertex -7.784323e+00 -7.951608e+00 1.776357e-15
      vertex 2.430000e+01 -1.000000e+01 1.776357e-15
    endloop
  endfacet
  facet normal 0.000000e+00 1.224647e-16 -1.000000e+00
    outer loop
      vertex -1.151275e+01 -8.986801e+00 1.776357e-15
      vertex -9.592245e+00 -8.671949e+00 1.776357e-15
      vertex 2.430000e+01 -1.000000e+01 1.776357e-15
    endloop
  endfacet
  facet normal 0.000000e+00 1.224647e-16 -1.000000e+00
    outer loop
      vertex 2.428186e+01 -1.028826e+01 1.776357e-15
      vertex -2.430000e+01 -1.000000e+01 1.776357e-15
      vertex 2.430000e+01 -1.000000e+01 1.776357e-15
    endloop
  endfacet
  facet normal 0.000000e+00 1.224647e-16 -1.000000e+00
    outer loop
      vertex 2.422774e+01 -1.057199e+01 1.776357e-15
      vertex -2.430000e+01 -1.000000e+01 1.776357e-15
      vertex 2.428186e+01 -1.028826e+01 1.776357e-15
    endloop
  endfacet
  facet normal 0.000000e+00 1.224647e-16 -1.000000e+00
    outer loop
      vertex 2.413849e+01 -1.084669e+01 1.776357e-15
      vertex -2.430000e+01 -1.000000e+01 1.776357e-15
      vertex 2.422774e+01 -1.057199e+01 1.776357e-15
    endloop
  endfacet
  facet normal 0.000000e+00 1.224647e-16 -1.000000e+00
    outer loop
      vertex 2.401551e+01 -1.110803e+01 1.776357e-15
      vertex -2.430000e+01 -1.000000e+01 1.776357e-15
      vertex 2.413849e+01 -1.084669e+01 1.776357e-15
    endloop
  endfacet
  facet normal 0.000000e+00 1.224647e-16 -1.000000e+00
    outer loop
      vertex 2.386074e+01 -1.135191e+01 1.776357e-15
      vertex -2.430000e+01 -1.000000e+01 1.776357e-15
      vertex 2.401551e+01 -1.110803e+01 1.776357e-15
    endloop
  endfacet
  facet normal 0.000000e+00 1.224647e-16 -1.000000e+00
    outer loop
      vertex 2.367663e+01 -1.157446e+01 1.776357e-15
      vertex -2.430000e+01 -1.000000e+01 1.776357e-15
      vertex 2.386074e+01 -1.135191e+01 1.776357e-15
    endloop
  endfacet
  facet normal 0.000000e+00 1.224647e-16 -1.000000e+00
    outer loop
      vertex 2.346608e+01 -1.177218e+01 0.000000e+00
      vertex -2.430000e+01 -1.000000e+01 1.776357e-15
      vertex 2.367663e+01 -1.157446e+01 1.776357e-15
    endloop
  endfacet
  facet normal 0.000000e+00 1.224647e-16 -1.000000e+00
    outer loop
      vertex 2.323240e+01 -1.194195e+01 0.000000e+00
      vertex -2.430000e+01 -1.000000e+01 1.776357e-15
      vertex 2.346608e+01 -1.177218e+01 0.000000e+00
    endloop
  endfacet
  facet normal 0.000000e+00 1.224647e-16 -1.000000e+00
    outer loop
      vertex 2.297929e+01 -1.208110e+01 0.000000e+00
      vertex -2.430000e+01 -1.000000e+01 1.776357e-15
      vertex 2.323240e+01 -1.194195e+01 0.000000e+00
    endloop
  endfacet
  facet normal 0.000000e+00 1.224647e-16 -1.000000e+00
    outer loop
      vertex 2.271074e+01 -1.218743e+01 0.000000e+00
      vertex -2.430000e+01 -1.000000e+01 1.776357e-15
      vertex 2.297929e+01 -1.208110e+01 0.000000e+00
    endloop
  endfacet
  facet normal 0.000000e+00 1.224647e-16 -1.000000e+00
    outer loop
      vertex 2.243098e+01 -1.225926e+01 0.000000e+00
      vertex -2.430000e+01 -1.000000e+01 1.776357e-15
      vertex 2.271074e+01 -1.218743e+01 0.000000e+00
    endloop
  endfacet
  facet normal 0.000000e+00 1.224647e-16 -1.000000e+00
    outer loop
      vertex 2.214442e+01 -1.229546e+01 0.000000e+00
      vertex -2.430000e+01 -1.000000e+01 1.776357e-15
      vertex 2.243098e+01 -1.225926e+01 0.000000e+00
    endloop
  endfacet
  facet normal 0.000000e+00 1.224647e-16 -1.000000e+00
    outer loop
      vertex -2.214442e+01 -1.229546e+01 0.000000e+00
      vertex -2.430000e+01 -1.000000e+01 1.776357e-15
      vertex 2.214442e+01 -1.229546e+01 0.000000e+00
    endloop
  endfacet
  facet normal 0.000000e+00 1.224647e-16 -1.000000e+00
    outer loop
      vertex -2.243098e+01 -1.225926e+01 0.000000e+00
      vertex -2.430000e+01 -1.000000e+01 1.776357e-15
      vertex -2.214442e+01 -1.229546e+01 0.000000e+00
    endloop
  endfacet
  facet normal 0.000000e+00 1.224647e-16 -1.000000e+00
    outer loop
      vertex -2.271074e+01 -1.218743e+01 0.000000e+00
      vertex -2.430000e+01 -1.000000e+01 1.776357e-15
      vertex -2.243098e+01 -1.225926e+01 0.000000e+00
    endloop
  endfacet
  facet normal 0.000000e+00 1.224647e-16 -1.000000e+00
    outer loop
      vertex -2.297929e+01 -1.208110e+01 0.000000e+00
      vertex -2.430000e+01 -1.000000e+01 1.776357e-15
      vertex -2.271074e+01 -1.218743e+01 0.000000e+00
    endloop
  endfacet
  facet normal 0.000000e+00 1.224647e-16 -1.000000e+00
    outer loop
      vertex -2.323240e+01 -1.194195e+01 0.000000e+00
      vertex -2.430000e+01 -1.000000e+01 1.776357e-15
      vertex -2.297929e+01 -1.208110e+01 0.000000e+00
    endloop
  endfacet
  facet normal 0.000000e+00 1.224647e-16 -1.000000e+00
    outer loop
      vertex -2.346607e+01 -1.177218e+01 0.000000e+00
      vertex -2.430000e+01 -1.000000e+01 1.776357e-15
      vertex -2.323240e+01 -1.194195e+01 0.000000e+00
    endloop
  endfacet
  facet normal 0.000000e+00 1.224647e-16 -1.000000e+00
    outer loop
      vertex -2.367663e+01 -1.157446e+01 1.776357e-15
      vertex -2.430000e+01 -1.000000e+01 1.776357e-15
      vertex -2.346607e+01 -1.177218e+01 0.000000e+00
    endloop
  endfacet
  facet normal 0.000000e+00 1.224647e-16 -1.000000e+00
    outer loop
      vertex -2.386074e+01 -1.135191e+01 1.776357e-15
      vertex -2.430000e+01 -1.000000e+01 1.776357e-15
      vertex -2.367663e+01 -1.157446e+01 1.776357e-15
    endloop
  endfacet
  facet normal 0.000000e+00 1.224647e-16 -1.000000e+00
    outer loop
      vertex -2.401550e+01 -1.110803e+01 1.776357e-15
      vertex -2.430000e+01 -1.000000e+01 1.776357e-15
      vertex -2.386074e+01 -1.135191e+01 1.776357e-15
    endloop
  endfacet
  facet normal 0.000000e+00 1.224647e-16 -1.000000e+00
    outer loop
      vertex -2.413849e+01 -1.084669e+01 1.776357e-15
      vertex -2.430000e+01 -1.000000e+01 1.776357e-15
      vertex -2.401550e+01 -1.110803e+01 1.776357e-15
    endloop
  endfacet
  facet normal 0.000000e+00 1.224647e-16 -1.000000e+00
    outer loop
      vertex -2.422774e+01 -1.057199e+01 1.776357e-15
      vertex -2.430000e+01 -1.000000e+01 1.776357e-15
      vertex -2.413849e+01 -1.084669e+01 1.776357e-15
    endloop
  endfacet
  facet normal 0.000000e+00 1.224647e-16 -1.000000e+00
    outer loop
      vertex -2.428186e+01 -1.028826e+01 1.776357e-15
      vertex -2.430000e+01 -1.000000e+01 1.776357e-15
      vertex -2.422774e+01 -1.057199e+01 1.776357e-15
    endloop
  endfacet
  facet normal 0.000000e+00 1.224647e-16 -1.000000e+00
    outer loop
      vertex -2.052888e+01 2.873714e+00 3.552714e-15
      vertex -2.094724e+01 9.730715e-01 1.776357e-15
      vertex -2.214442e+01 1.229546e+01 3.552714e-15
    endloop
  endfacet
  facet normal 0.000000e+00 1.224647e-16 -1.000000e+00
    outer loop
      vertex -2.094724e+01 -9.730707e-01 1.776357e-15
      vertex -2.430000e+01 -1.000000e+01 1.776357e-15
      vertex -2.094724e+01 9.730715e-01 1.776357e-15
    endloop
  endfacet
  facet normal 0.000000e+00 1.224647e-16 -1.000000e+00
    outer loop
      vertex -2.052888e+01 -2.873714e+00 1.776357e-15
      vertex -2.430000e+01 -1.000000e+01 1.776357e-15
      vertex -2.094724e+01 -9.730707e-01 1.776357e-15
    endloop
  endfacet
  facet normal 0.000000e+00 1.224647e-16 -1.000000e+00
    outer loop
      vertex -1.971171e+01 -4.639985e+00 1.776357e-15
      vertex -2.430000e+01 -1.000000e+01 1.776357e-15
      vertex -2.052888e+01 -2.873714e+00 1.776357e-15
    endloop
  endfacet
  facet normal 0.000000e+00 1.224647e-16 -1.000000e+00
    outer loop
      vertex -1.853396e+01 -6.189294e+00 1.776357e-15
      vertex -2.430000e+01 -1.000000e+01 1.776357e-15
      vertex -1.971171e+01 -4.639985e+00 1.776357e-15
    endloop
  endfacet
  facet normal 0.000000e+00 1.224647e-16 -1.000000e+00
    outer loop
      vertex -1.533124e+01 -8.360790e+00 1.776357e-15
      vertex -2.430000e+01 -1.000000e+01 1.776357e-15
      vertex -1.705068e+01 -7.449201e+00 1.776357e-15
    endloop
  endfacet
  facet normal 0.000000e+00 1.224647e-16 -1.000000e+00
    outer loop
      vertex 1.621568e+01 7.951608e+00 3.552714e-15
      vertex 2.271074e+01 1.218743e+01 3.552714e-15
      vertex 2.297929e+01 1.208110e+01 3.552714e-15
    endloop
  endfacet
  facet normal 0.000000e+00 1.224647e-16 -1.000000e+00
    outer loop
      vertex -1.345604e+01 -8.881439e+00 1.776357e-15
      vertex -2.430000e+01 -1.000000e+01 1.776357e-15
      vertex -1.533124e+01 -8.360790e+00 1.776357e-15
    endloop
  endfacet
  facet normal 0.000000e+00 1.224647e-16 -1.000000e+00
    outer loop
      vertex -1.151275e+01 -8.986801e+00 1.776357e-15
      vertex -2.430000e+01 -1.000000e+01 1.776357e-15
      vertex -1.345604e+01 -8.881439e+00 1.776357e-15
    endloop
  endfacet
  facet normal 0.000000e+00 1.224647e-16 -1.000000e+00
    outer loop
      vertex 2.430000e+01 -1.000000e+01 1.776357e-15
      vertex -2.430000e+01 -1.000000e+01 1.776357e-15
      vertex -1.151275e+01 -8.986801e+00 1.776357e-15
    endloop
  endfacet
  facet normal 0.000000e+00 1.224647e-16 -1.000000e+00
    outer loop
      vertex 1.621568e+01 7.951608e+00 3.552714e-15
      vertex 2.297929e+01 1.208110e+01 3.552714e-15
      vertex 2.323240e+01 1.194195e+01 3.552714e-15
    endloop
  endfacet
  facet normal 0.000000e+00 1.224647e-16 -1.000000e+00
    outer loop
      vertex 1.248725e+01 -8.986801e+00 1.776357e-15
      vertex 1.440776e+01 -8.671949e+00 1.776357e-15
      vertex 2.430000e+01 -1.000000e+01 1.776357e-15
    endloop
  endfacet
  facet normal 0.000000e+00 1.224647e-16 -1.000000e+00
    outer loop
      vertex 1.440776e+01 -8.671949e+00 1.776357e-15
      vertex 1.621568e+01 -7.951608e+00 1.776357e-15
      vertex 2.430000e+01 -1.000000e+01 1.776357e-15
    endloop
  endfacet
  facet normal 0.000000e+00 1.224647e-16 -1.000000e+00
    outer loop
      vertex 1.782648e+01 6.859458e+00 3.552714e-15
      vertex 2.428186e+01 1.028827e+01 3.552714e-15
      vertex 2.430000e+01 1.000000e+01 3.552714e-15
    endloop
  endfacet
  facet normal 0.000000e+00 1.224647e-16 -1.000000e+00
    outer loop
      vertex 3.052758e+00 -9.730707e-01 1.776357e-15
      vertex 3.471121e+00 -2.873714e+00 1.776357e-15
      vertex -7.784323e+00 -7.951608e+00 1.776357e-15
    endloop
  endfacet
  facet normal 0.000000e+00 1.224647e-16 -1.000000e+00
    outer loop
      vertex 1.440776e+01 8.671950e+00 3.552714e-15
      vertex 1.248725e+01 8.986801e+00 3.552714e-15
      vertex 2.214442e+01 1.229546e+01 3.552714e-15
    endloop
  endfacet
  facet normal 0.000000e+00 1.224647e-16 -1.000000e+00
    outer loop
      vertex 8.668757e+00 8.360790e+00 3.552714e-15
      vertex 2.214442e+01 1.229546e+01 3.552714e-15
      vertex 1.054396e+01 8.881439e+00 3.552714e-15
    endloop
  endfacet
  facet normal 0.000000e+00 1.224647e-16 -1.000000e+00
    outer loop
      vertex 1.621568e+01 7.951608e+00 3.552714e-15
      vertex 1.440776e+01 8.671950e+00 3.552714e-15
      vertex 2.214442e+01 1.229546e+01 3.552714e-15
    endloop
  endfacet
  facet normal 0.000000e+00 1.224647e-16 -1.000000e+00
    outer loop
      vertex -1.345604e+01 8.881439e+00 3.552714e-15
      vertex -1.533124e+01 8.360790e+00 3.552714e-15
      vertex -2.214442e+01 1.229546e+01 3.552714e-15
    endloop
  endfacet
  facet normal 0.000000e+00 1.224647e-16 -1.000000e+00
    outer loop
      vertex 2.214442e+01 1.229546e+01 3.552714e-15
      vertex -4.835161e+00 5.446568e+00 3.552714e-15
      vertex -6.173523e+00 6.859458e+00 3.552714e-15
    endloop
  endfacet
  facet normal 0.000000e+00 1.224647e-16 -1.000000e+00
    outer loop
      vertex -1.151275e+01 8.986801e+00 3.552714e-15
      vertex -1.345604e+01 8.881439e+00 3.552714e-15
      vertex -2.214442e+01 1.229546e+01 3.552714e-15
    endloop
  endfacet
  facet normal 0.000000e+00 1.224647e-16 -1.000000e+00
    outer loop
      vertex 2.214442e+01 1.229546e+01 3.552714e-15
      vertex -6.173523e+00 6.859458e+00 3.552714e-15
      vertex -7.784323e+00 7.951608e+00 3.552714e-15
    endloop
  endfacet
  facet normal 0.000000e+00 1.224647e-16 -1.000000e+00
    outer loop
      vertex 2.214442e+01 1.229546e+01 3.552714e-15
      vertex -9.592245e+00 8.671950e+00 3.552714e-15
      vertex -2.214442e+01 1.229546e+01 3.552714e-15
    endloop
  endfacet
  facet normal 0.000000e+00 1.224647e-16 -1.000000e+00
    outer loop
      vertex 2.214442e+01 1.229546e+01 3.552714e-15
      vertex -7.784323e+00 7.951608e+00 3.552714e-15
      vertex -9.592245e+00 8.671950e+00 3.552714e-15
    endloop
  endfacet
  facet normal 0.000000e+00 1.224647e-16 -1.000000e+00
    outer loop
      vertex -1.533124e+01 8.360790e+00 3.552714e-15
      vertex -1.705068e+01 7.449201e+00 3.552714e-15
      vertex -2.214442e+01 1.229546e+01 3.552714e-15
    endloop
  endfacet
  facet normal 0.000000e+00 1.224647e-16 -1.000000e+00
    outer loop
      vertex -1.705068e+01 7.449201e+00 3.552714e-15
      vertex -1.853396e+01 6.189295e+00 3.552714e-15
      vertex -2.214442e+01 1.229546e+01 3.552714e-15
    endloop
  endfacet
  facet normal 0.000000e+00 1.224647e-16 -1.000000e+00
    outer loop
      vertex -1.853396e+01 6.189295e+00 3.552714e-15
      vertex -1.971171e+01 4.639985e+00 3.552714e-15
      vertex -2.214442e+01 1.229546e+01 3.552714e-15
    endloop
  endfacet
  facet normal 0.000000e+00 1.224647e-16 -1.000000e+00
    outer loop
      vertex -1.971171e+01 4.639985e+00 3.552714e-15
      vertex -2.052888e+01 2.873714e+00 3.552714e-15
      vertex -2.214442e+01 1.229546e+01 3.552714e-15
    endloop
  endfacet
  facet normal 0.000000e+00 1.224647e-16 -1.000000e+00
    outer loop
      vertex 1.782648e+01 6.859458e+00 3.552714e-15
      vertex 2.401551e+01 1.110803e+01 3.552714e-15
      vertex 2.413849e+01 1.084669e+01 3.552714e-15
    endloop
  endfacet
  facet normal 0.000000e+00 1.224647e-16 -1.000000e+00
    outer loop
      vertex 1.782648e+01 6.859458e+00 3.552714e-15
      vertex 2.413849e+01 1.084669e+01 3.552714e-15
      vertex 2.422774e+01 1.057199e+01 3.552714e-15
    endloop
  endfacet
  facet normal 0.000000e+00 1.224647e-16 -1.000000e+00
    outer loop
      vertex -4.835161e+00 -5.446567e+00 1.776357e-15
      vertex -3.831821e+00 -3.779002e+00 1.776357e-15
      vertex 3.052758e+00 -9.730707e-01 1.776357e-15
    endloop
  endfacet
  facet normal 0.000000e+00 1.224647e-16 -1.000000e+00
    outer loop
      vertex 1.782648e+01 6.859458e+00 3.552714e-15
      vertex 2.422774e+01 1.057199e+01 3.552714e-15
      vertex 2.428186e+01 1.028827e+01 3.552714e-15
    endloop
  endfacet
  facet normal 0.000000e+00 1.224647e-16 -1.000000e+00
    outer loop
      vertex 4.288285e+00 -4.639985e+00 1.776357e-15
      vertex -7.784323e+00 -7.951608e+00 1.776357e-15
      vertex 3.471121e+00 -2.873714e+00 1.776357e-15
    endloop
  endfacet
  facet normal 0.000000e+00 1.224647e-16 -1.000000e+00
    outer loop
      vertex 2.078959e+01 -1.934734e+00 1.776357e-15
      vertex 2.100000e+01 3.576279e-07 1.776357e-15
      vertex 2.430000e+01 1.000000e+01 3.552714e-15
    endloop
  endfacet
  facet normal 0.000000e+00 1.224647e-16 -1.000000e+00
    outer loop
      vertex 5.466042e+00 -6.189294e+00 1.776357e-15
      vertex -7.784323e+00 -7.951608e+00 1.776357e-15
      vertex 4.288285e+00 -4.639985e+00 1.776357e-15
    endloop
  endfacet
  facet normal 0.000000e+00 1.224647e-16 -1.000000e+00
    outer loop
      vertex 6.949316e+00 -7.449201e+00 1.776357e-15
      vertex -7.784323e+00 -7.951608e+00 1.776357e-15
      vertex 5.466042e+00 -6.189294e+00 1.776357e-15
    endloop
  endfacet
  facet normal 0.000000e+00 1.224647e-16 -1.000000e+00
    outer loop
      vertex 8.668757e+00 -8.360790e+00 1.776357e-15
      vertex -7.784323e+00 -7.951608e+00 1.776357e-15
      vertex 6.949316e+00 -7.449201e+00 1.776357e-15
    endloop
  endfacet
  facet normal 0.000000e+00 1.224647e-16 -1.000000e+00
    outer loop
      vertex 1.054396e+01 -8.881439e+00 1.776357e-15
      vertex -7.784323e+00 -7.951608e+00 1.776357e-15
      vertex 8.668757e+00 -8.360790e+00 1.776357e-15
    endloop
  endfacet
  facet normal 0.000000e+00 1.224647e-16 -1.000000e+00
    outer loop
      vertex 2.430000e+01 -1.000000e+01 1.776357e-15
      vertex -7.784323e+00 -7.951608e+00 1.776357e-15
      vertex 1.054396e+01 -8.881439e+00 1.776357e-15
    endloop
  endfacet
  facet normal 0.000000e+00 1.224647e-16 -1.000000e+00
    outer loop
      vertex 2.430000e+01 -1.000000e+01 1.776357e-15
      vertex 1.054396e+01 -8.881439e+00 1.776357e-15
      vertex 1.248725e+01 -8.986801e+00 1.776357e-15
    endloop
  endfacet
  facet normal 0.000000e+00 1.224647e-16 -1.000000e+00
    outer loop
      vertex 1.621568e+01 -7.951608e+00 1.776357e-15
      vertex 1.782648e+01 -6.859459e+00 1.776357e-15
      vertex 2.430000e+01 -1.000000e+01 1.776357e-15
    endloop
  endfacet
  facet normal 0.000000e+00 1.224647e-16 -1.000000e+00
    outer loop
      vertex 2.100000e+01 3.576279e-07 1.776357e-15
      vertex 2.078959e+01 1.934735e+00 1.776357e-15
      vertex 2.430000e+01 1.000000e+01 3.552714e-15
    endloop
  endfacet
  facet normal 0.000000e+00 1.224647e-16 -1.000000e+00
    outer loop
      vertex 1.916484e+01 5.446568e+00 3.552714e-15
      vertex 1.782648e+01 6.859458e+00 3.552714e-15
      vertex 2.430000e+01 1.000000e+01 3.552714e-15
    endloop
  endfacet
  facet normal 0.000000e+00 1.224647e-16 -1.000000e+00
    outer loop
      vertex 2.430000e+01 -1.000000e+01 1.776357e-15
      vertex 1.782648e+01 -6.859459e+00 1.776357e-15
      vertex 1.916484e+01 -5.446567e+00 1.776357e-15
    endloop
  endfacet
  facet normal 0.000000e+00 1.224647e-16 -1.000000e+00
    outer loop
      vertex 2.430000e+01 -1.000000e+01 1.776357e-15
      vertex 1.916484e+01 -5.446567e+00 1.776357e-15
      vertex 2.016818e+01 -3.779002e+00 1.776357e-15
    endloop
  endfacet
  facet normal 0.000000e+00 1.224647e-16 -1.000000e+00
    outer loop
      vertex 2.430000e+01 -1.000000e+01 1.776357e-15
      vertex 2.078959e+01 -1.934734e+00 1.776357e-15
      vertex 2.430000e+01 1.000000e+01 3.552714e-15
    endloop
  endfacet
  facet normal 0.000000e+00 1.224647e-16 -1.000000e+00
    outer loop
      vertex 2.430000e+01 -1.000000e+01 1.776357e-15
      vertex 2.016818e+01 -3.779002e+00 1.776357e-15
      vertex 2.078959e+01 -1.934734e+00 1.776357e-15
    endloop
  endfacet
  facet normal 0.000000e+00 1.224647e-16 -1.000000e+00
    outer loop
      vertex 2.078959e+01 1.934735e+00 1.776357e-15
      vertex 2.016818e+01 3.779003e+00 3.552714e-15
      vertex 2.430000e+01 1.000000e+01 3.552714e-15
    endloop
  endfacet
  facet normal 0.000000e+00 1.224647e-16 -1.000000e+00
    outer loop
      vertex 2.016818e+01 3.779003e+00 3.552714e-15
      vertex 1.916484e+01 5.446568e+00 3.552714e-15
      vertex 2.430000e+01 1.000000e+01 3.552714e-15
    endloop
  endfacet
  facet normal 0.000000e+00 1.224647e-16 -1.000000e+00
    outer loop
      vertex 3.052758e+00 -9.730707e-01 1.776357e-15
      vertex -6.173523e+00 -6.859459e+00 1.776357e-15
      vertex -4.835161e+00 -5.446567e+00 1.776357e-15
    endloop
  endfacet
  facet normal 0.000000e+00 1.224647e-16 -1.000000e+00
    outer loop
      vertex 3.052758e+00 -9.730707e-01 1.776357e-15
      vertex -7.784323e+00 -7.951608e+00 1.776357e-15
      vertex -6.173523e+00 -6.859459e+00 1.776357e-15
    endloop
  endfacet
  facet normal 0.000000e+00 1.224647e-16 -1.000000e+00
    outer loop
      vertex 2.401551e+01 1.110803e+01 3.552714e-15
      vertex 1.621568e+01 7.951608e+00 3.552714e-15
      vertex 2.386074e+01 1.135191e+01 3.552714e-15
    endloop
  endfacet
  facet normal 0.000000e+00 1.224647e-16 -1.000000e+00
    outer loop
      vertex 1.621568e+01 7.951608e+00 3.552714e-15
      vertex 2.243098e+01 1.225926e+01 3.552714e-15
      vertex 2.271074e+01 1.218743e+01 3.552714e-15
    endloop
  endfacet
  facet normal 0.000000e+00 1.224647e-16 -1.000000e+00
    outer loop
      vertex -9.592245e+00 8.671950e+00 3.552714e-15
      vertex -1.151275e+01 8.986801e+00 3.552714e-15
      vertex -2.214442e+01 1.229546e+01 3.552714e-15
    endloop
  endfacet
  facet normal 0.000000e+00 1.224647e-16 -1.000000e+00
    outer loop
      vertex 3.471121e+00 2.873714e+00 3.552714e-15
      vertex 3.052758e+00 9.730715e-01 1.776357e-15
      vertex -3.210415e+00 -1.934734e+00 1.776357e-15
    endloop
  endfacet
  facet normal 0.000000e+00 1.224647e-16 -1.000000e+00
    outer loop
      vertex 1.621568e+01 7.951608e+00 3.552714e-15
      vertex 2.323240e+01 1.194195e+01 3.552714e-15
      vertex 2.346608e+01 1.177218e+01 3.552714e-15
    endloop
  endfacet
  facet normal 0.000000e+00 1.224647e-16 -1.000000e+00
    outer loop
      vertex 1.621568e+01 7.951608e+00 3.552714e-15
      vertex 2.214442e+01 1.229546e+01 3.552714e-15
      vertex 2.243098e+01 1.225926e+01 3.552714e-15
    endloop
  endfacet
  facet normal 0.000000e+00 1.224647e-16 -1.000000e+00
    outer loop
      vertex 8.668757e+00 8.360790e+00 3.552714e-15
      vertex 6.949316e+00 7.449201e+00 3.552714e-15
      vertex -3.831821e+00 3.779003e+00 3.552714e-15
    endloop
  endfacet
  facet normal 0.000000e+00 1.224647e-16 -1.000000e+00
    outer loop
      vertex 6.949316e+00 7.449201e+00 3.552714e-15
      vertex 5.466042e+00 6.189295e+00 3.552714e-15
      vertex -3.831821e+00 3.779003e+00 3.552714e-15
    endloop
  endfacet
  facet normal 0.000000e+00 1.224647e-16 -1.000000e+00
    outer loop
      vertex 1.248725e+01 8.986801e+00 3.552714e-15
      vertex 1.054396e+01 8.881439e+00 3.552714e-15
      vertex 2.214442e+01 1.229546e+01 3.552714e-15
    endloop
  endfacet
  facet normal 0.000000e+00 1.224647e-16 -1.000000e+00
    outer loop
      vertex 1.782648e+01 6.859458e+00 3.552714e-15
      vertex 1.621568e+01 7.951608e+00 3.552714e-15
      vertex 2.401551e+01 1.110803e+01 3.552714e-15
    endloop
  endfacet
  facet normal 0.000000e+00 1.224647e-16 -1.000000e+00
    outer loop
      vertex -3.831821e+00 3.779003e+00 3.552714e-15
      vertex -4.835161e+00 5.446568e+00 3.552714e-15
      vertex 8.668757e+00 8.360790e+00 3.552714e-15
    endloop
  endfacet
  facet normal 0.000000e+00 1.224647e-16 -1.000000e+00
    outer loop
      vertex 8.668757e+00 8.360790e+00 3.552714e-15
      vertex -4.835161e+00 5.446568e+00 3.552714e-15
      vertex 2.214442e+01 1.229546e+01 3.552714e-15
    endloop
  endfacet
  facet normal 0.000000e+00 1.224647e-16 -1.000000e+00
    outer loop
      vertex -3.210415e+00 1.934735e+00 1.776357e-15
      vertex -3.831821e+00 3.779003e+00 3.552714e-15
      vertex 5.466042e+00 6.189295e+00 3.552714e-15
    endloop
  endfacet
  facet normal 0.000000e+00 1.224647e-16 -1.000000e+00
    outer loop
      vertex 1.621568e+01 7.951608e+00 3.552714e-15
      vertex 2.367663e+01 1.157446e+01 3.552714e-15
      vertex 2.386074e+01 1.135191e+01 3.552714e-15
    endloop
  endfacet
  facet normal 0.000000e+00 1.224647e-16 -1.000000e+00
    outer loop
      vertex -3.000000e+00 3.576279e-07 1.776357e-15
      vertex -3.210415e+00 1.934735e+00 1.776357e-15
      vertex 4.288285e+00 4.639985e+00 3.552714e-15
    endloop
  endfacet
  facet normal 0.000000e+00 1.224647e-16 -1.000000e+00
    outer loop
      vertex 4.288285e+00 4.639985e+00 3.552714e-15
      vertex 3.471121e+00 2.873714e+00 3.552714e-15
      vertex -3.000000e+00 3.576279e-07 1.776357e-15
    endloop
  endfacet
  facet normal 0.000000e+00 1.224647e-16 -1.000000e+00
    outer loop
      vertex 5.466042e+00 6.189295e+00 3.552714e-15
      vertex 4.288285e+00 4.639985e+00 3.552714e-15
      vertex -3.210415e+00 1.934735e+00 1.776357e-15
    endloop
  endfacet
  facet normal 0.000000e+00 1.224647e-16 -1.000000e+00
    outer loop
      vertex -1.853396e+01 -6.189294e+00 1.776357e-15
      vertex -1.705068e+01 -7.449201e+00 1.776357e-15
      vertex -2.430000e+01 -1.000000e+01 1.776357e-15
    endloop
  endfacet
  facet normal -9.822871e-01 1.873820e-01 2.294768e-17
    outer loop
      vertex -2.428186e+01 1.028827e+01 1.500000e+01
      vertex -2.422774e+01 1.057199e+01 1.500000e+01
      vertex -2.428186e+01 1.028827e+01 3.552714e-15
    endloop
  endfacet
  facet normal -9.822871e-01 1.873820e-01 2.294768e-17
    outer loop
      vertex -2.428186e+01 1.028827e+01 3.552714e-15
      vertex -2.422774e+01 1.057199e+01 1.500000e+01
      vertex -2.422774e+01 1.057199e+01 3.552714e-15
    endloop
  endfacet
  facet normal -9.510565e-01 3.090169e-01 3.784365e-17
    outer loop
      vertex -2.422774e+01 1.057199e+01 1.500000e+01
      vertex -2.413849e+01 1.084669e+01 1.500000e+01
      vertex -2.422774e+01 1.057199e+01 3.552714e-15
    endloop
  endfacet
  facet normal -9.510565e-01 3.090169e-01 3.784365e-17
    outer loop
      vertex -2.422774e+01 1.057199e+01 3.552714e-15
      vertex -2.413849e+01 1.084669e+01 1.500000e+01
      vertex -2.413849e+01 1.084669e+01 3.552714e-15
    endloop
  endfacet
  facet normal -9.048262e-01 4.257811e-01 5.214315e-17
    outer loop
      vertex -2.413849e+01 1.084669e+01 1.500000e+01
      vertex -2.401550e+01 1.110803e+01 1.500000e+01
      vertex -2.413849e+01 1.084669e+01 3.552714e-15
    endloop
  endfacet
  facet normal -9.048262e-01 4.257811e-01 5.214315e-17
    outer loop
      vertex -2.413849e+01 1.084669e+01 3.552714e-15
      vertex -2.401550e+01 1.110803e+01 1.500000e+01
      vertex -2.401550e+01 1.110803e+01 3.552714e-15
    endloop
  endfacet
  facet normal -8.443286e-01 5.358258e-01 6.561973e-17
    outer loop
      vertex -2.401550e+01 1.110803e+01 1.500000e+01
      vertex -2.386074e+01 1.135191e+01 1.500000e+01
      vertex -2.401550e+01 1.110803e+01 3.552714e-15
    endloop
  endfacet
  facet normal -8.443286e-01 5.358258e-01 6.561973e-17
    outer loop
      vertex -2.401550e+01 1.110803e+01 3.552714e-15
      vertex -2.386074e+01 1.135191e+01 1.500000e+01
      vertex -2.386074e+01 1.135191e+01 3.552714e-15
    endloop
  endfacet
  facet normal -7.705132e-01 6.374242e-01 7.806195e-17
    outer loop
      vertex -2.386074e+01 1.135191e+01 1.500000e+01
      vertex -2.367663e+01 1.157446e+01 1.500000e+01
      vertex -2.386074e+01 1.135191e+01 3.552714e-15
    endloop
  endfacet
  facet normal -7.705132e-01 6.374242e-01 7.806195e-17
    outer loop
      vertex -2.386074e+01 1.135191e+01 3.552714e-15
      vertex -2.367663e+01 1.157446e+01 1.500000e+01
      vertex -2.367663e+01 1.157446e+01 3.552714e-15
    endloop
  endfacet
  facet normal -6.845463e-01 7.289693e-01 8.927299e-17
    outer loop
      vertex -2.367663e+01 1.157446e+01 3.552714e-15
      vertex -2.367663e+01 1.157446e+01 1.500000e+01
      vertex -2.346607e+01 1.177218e+01 1.500000e+01
    endloop
  endfacet
  facet normal -6.845463e-01 7.289693e-01 8.927299e-17
    outer loop
      vertex -2.346607e+01 1.177218e+01 3.552714e-15
      vertex -2.367663e+01 1.157446e+01 3.552714e-15
      vertex -2.346607e+01 1.177218e+01 1.500000e+01
    endloop
  endfacet
  facet normal -5.877869e-01 8.090159e-01 9.907586e-17
    outer loop
      vertex -2.346607e+01 1.177218e+01 3.552714e-15
      vertex -2.346607e+01 1.177218e+01 1.500000e+01
      vertex -2.323240e+01 1.194195e+01 1.500000e+01
    endloop
  endfacet
  facet normal -5.877869e-01 8.090159e-01 9.907586e-17
    outer loop
      vertex -2.323240e+01 1.194195e+01 3.552714e-15
      vertex -2.346607e+01 1.177218e+01 3.552714e-15
      vertex -2.323240e+01 1.194195e+01 1.500000e+01
    endloop
  endfacet
  facet normal -4.817530e-01 8.763070e-01 1.073167e-16
    outer loop
      vertex -2.323240e+01 1.194195e+01 3.552714e-15
      vertex -2.323240e+01 1.194195e+01 1.500000e+01
      vertex -2.297929e+01 1.208110e+01 1.500000e+01
    endloop
  endfacet
  facet normal -4.817530e-01 8.763070e-01 1.073167e-16
    outer loop
      vertex -2.297929e+01 1.208110e+01 3.552714e-15
      vertex -2.323240e+01 1.194195e+01 3.552714e-15
      vertex -2.297929e+01 1.208110e+01 1.500000e+01
    endloop
  endfacet
  facet normal -3.681260e-01 9.297759e-01 1.138647e-16
    outer loop
      vertex -2.297929e+01 1.208110e+01 3.552714e-15
      vertex -2.297929e+01 1.208110e+01 1.500000e+01
      vertex -2.271074e+01 1.218743e+01 1.500000e+01
    endloop
  endfacet
  facet normal -3.681260e-01 9.297759e-01 1.138647e-16
    outer loop
      vertex -2.271074e+01 1.218743e+01 3.552714e-15
      vertex -2.297929e+01 1.208110e+01 3.552714e-15
      vertex -2.271074e+01 1.218743e+01 1.500000e+01
    endloop
  endfacet
  facet normal -2.486910e-01 9.685829e-01 1.186172e-16
    outer loop
      vertex -2.271074e+01 1.218743e+01 3.552714e-15
      vertex -2.271074e+01 1.218743e+01 1.500000e+01
      vertex -2.243098e+01 1.225926e+01 1.500000e+01
    endloop
  endfacet
  facet normal -2.486910e-01 9.685829e-01 1.186172e-16
    outer loop
      vertex -2.243098e+01 1.225926e+01 3.552714e-15
      vertex -2.271074e+01 1.218743e+01 3.552714e-15
      vertex -2.243098e+01 1.225926e+01 1.500000e+01
    endloop
  endfacet
  facet normal -1.253300e-01 9.921151e-01 1.214991e-16
    outer loop
      vertex -2.243098e+01 1.225926e+01 3.552714e-15
      vertex -2.243098e+01 1.225926e+01 1.500000e+01
      vertex -2.214442e+01 1.229546e+01 1.500000e+01
    endloop
  endfacet
  facet normal -1.253300e-01 9.921151e-01 1.214991e-16
    outer loop
      vertex -2.214442e+01 1.229546e+01 3.552714e-15
      vertex -2.243098e+01 1.225926e+01 3.552714e-15
      vertex -2.214442e+01 1.229546e+01 1.500000e+01
    endloop
  endfacet
  facet normal 0.000000e+00 1.000000e+00 1.224647e-16
    outer loop
      vertex -1.699997e-01 1.229546e+01 1.079600e+01
      vertex -2.214442e+01 1.229546e+01 1.500000e+01
      vertex 2.214442e+01 1.229546e+01 1.500000e+01
    endloop
  endfacet
  facet normal 0.000000e+00 1.000000e+00 1.224647e-16
    outer loop
      vertex -2.214442e+01 1.229546e+01 3.552714e-15
      vertex -2.214442e+01 1.229546e+01 1.500000e+01
      vertex -1.618700e+01 1.229546e+01 7.711000e+00
    endloop
  endfacet
  facet normal 0.000000e+00 1.000000e+00 1.224647e-16
    outer loop
      vertex -2.214442e+01 1.229546e+01 3.552714e-15
      vertex -1.618700e+01 1.229546e+01 7.711000e+00
      vertex -1.630000e+01 1.229546e+01 7.000000e+00
    endloop
  endfacet
  facet normal 0.000000e+00 1.000000e+00 1.224647e-16
    outer loop
      vertex 1.174000e+00 1.229546e+01 1.061400e+01
      vertex 8.460010e-01 1.229546e+01 1.070500e+01
      vertex 2.214442e+01 1.229546e+01 1.500000e+01
    endloop
  endfacet
  facet normal 0.000000e+00 1.000000e+00 1.224647e-16
    outer loop
      vertex -2.214442e+01 1.229546e+01 3.552714e-15
      vertex -1.630000e+01 1.229546e+01 7.000000e+00
      vertex -1.618700e+01 1.229546e+01 6.289000e+00
    endloop
  endfacet
  facet normal 0.000000e+00 1.000000e+00 1.224647e-16
    outer loop
      vertex 1.801001e+00 1.229546e+01 1.034600e+01
      vertex 1.493000e+00 1.229546e+01 1.049400e+01
      vertex 2.214442e+01 1.229546e+01 1.500000e+01
    endloop
  endfacet
  facet normal 0.000000e+00 1.000000e+00 1.224647e-16
    outer loop
      vertex -2.214442e+01 1.229546e+01 3.552714e-15
      vertex -1.618700e+01 1.229546e+01 6.289000e+00
      vertex -1.586100e+01 1.229546e+01 5.648000e+00
    endloop
  endfacet
  facet normal 0.000000e+00 1.000000e+00 1.224647e-16
    outer loop
      vertex 1.700004e-01 1.229546e+01 1.079600e+01
      vertex -1.699997e-01 1.229546e+01 1.079600e+01
      vertex 2.214442e+01 1.229546e+01 1.500000e+01
    endloop
  endfacet
  facet normal 0.000000e+00 1.000000e+00 1.224647e-16
    outer loop
      vertex -2.214442e+01 1.229546e+01 3.552714e-15
      vertex -1.586100e+01 1.229546e+01 5.648000e+00
      vertex -1.535200e+01 1.229546e+01 5.139000e+00
    endloop
  endfacet
  facet normal 0.000000e+00 1.000000e+00 1.224647e-16
    outer loop
      vertex -1.493000e+00 1.229546e+01 1.049400e+01
      vertex -1.400000e+01 1.229546e+01 9.300000e+00
      vertex -1.173999e+00 1.229546e+01 1.061400e+01
    endloop
  endfacet
  facet normal 0.000000e+00 1.000000e+00 1.224647e-16
    outer loop
      vertex -2.214442e+01 1.229546e+01 3.552714e-15
      vertex -1.535200e+01 1.229546e+01 5.139000e+00
      vertex -1.471100e+01 1.229546e+01 4.813000e+00
    endloop
  endfacet
  facet normal 0.000000e+00 1.000000e+00 1.224647e-16
    outer loop
      vertex -5.099999e-01 1.229546e+01 3.234000e+00
      vertex -1.699997e-01 1.229546e+01 3.204000e+00
      vertex 2.214442e+01 1.229546e+01 3.552714e-15
    endloop
  endfacet
  facet normal 0.000000e+00 1.000000e+00 1.224647e-16
    outer loop
      vertex -2.214442e+01 1.229546e+01 3.552714e-15
      vertex -1.471100e+01 1.229546e+01 4.813000e+00
      vertex -1.400000e+01 1.229546e+01 4.700000e+00
    endloop
  endfacet
  facet normal 0.000000e+00 1.000000e+00 1.224647e-16
    outer loop
      vertex -2.093000e+00 1.229546e+01 1.017100e+01
      vertex -1.400000e+01 1.229546e+01 9.300000e+00
      vertex -1.801000e+00 1.229546e+01 1.034600e+01
    endloop
  endfacet
  facet normal 0.000000e+00 1.000000e+00 1.224647e-16
    outer loop
      vertex -2.093000e+00 1.229546e+01 3.829000e+00
      vertex -2.214442e+01 1.229546e+01 3.552714e-15
      vertex -2.114000e+00 1.229546e+01 3.845000e+00
    endloop
  endfacet
  facet normal 0.000000e+00 1.000000e+00 1.224647e-16
    outer loop
      vertex -1.801000e+00 1.229546e+01 3.654000e+00
      vertex -2.214442e+01 1.229546e+01 3.552714e-15
      vertex -2.093000e+00 1.229546e+01 3.829000e+00
    endloop
  endfacet
  facet normal 0.000000e+00 1.000000e+00 1.224647e-16
    outer loop
      vertex -1.493000e+00 1.229546e+01 3.506000e+00
      vertex -2.214442e+01 1.229546e+01 3.552714e-15
      vertex -1.801000e+00 1.229546e+01 3.654000e+00
    endloop
  endfacet
  facet normal 0.000000e+00 1.000000e+00 1.224647e-16
    outer loop
      vertex -1.173999e+00 1.229546e+01 3.386000e+00
      vertex -2.214442e+01 1.229546e+01 3.552714e-15
      vertex -1.493000e+00 1.229546e+01 3.506000e+00
    endloop
  endfacet
  facet normal 0.000000e+00 1.000000e+00 1.224647e-16
    outer loop
      vertex -8.460003e-01 1.229546e+01 3.295000e+00
      vertex -2.214442e+01 1.229546e+01 3.552714e-15
      vertex -1.173999e+00 1.229546e+01 3.386000e+00
    endloop
  endfacet
  facet normal 0.000000e+00 1.000000e+00 1.224647e-16
    outer loop
      vertex -5.099999e-01 1.229546e+01 3.234000e+00
      vertex -2.214442e+01 1.229546e+01 3.552714e-15
      vertex -8.460003e-01 1.229546e+01 3.295000e+00
    endloop
  endfacet
  facet normal 0.000000e+00 1.000000e+00 1.224647e-16
    outer loop
      vertex -1.699997e-01 1.229546e+01 3.204000e+00
      vertex 1.700004e-01 1.229546e+01 3.204000e+00
      vertex 2.214442e+01 1.229546e+01 3.552714e-15
    endloop
  endfacet
  facet normal 0.000000e+00 1.000000e+00 1.224647e-16
    outer loop
      vertex 2.214442e+01 1.229546e+01 3.552714e-15
      vertex -2.214442e+01 1.229546e+01 3.552714e-15
      vertex -5.099999e-01 1.229546e+01 3.234000e+00
    endloop
  endfacet
  facet normal 0.000000e+00 1.000000e+00 1.224647e-16
    outer loop
      vertex 1.700004e-01 1.229546e+01 3.204000e+00
      vertex 5.100006e-01 1.229546e+01 3.234000e+00
      vertex 2.214442e+01 1.229546e+01 3.552714e-15
    endloop
  endfacet
  facet normal 0.000000e+00 1.000000e+00 1.224647e-16
    outer loop
      vertex 5.100006e-01 1.229546e+01 3.234000e+00
      vertex 8.460010e-01 1.229546e+01 3.295000e+00
      vertex 2.214442e+01 1.229546e+01 3.552714e-15
    endloop
  endfacet
  facet normal 0.000000e+00 1.000000e+00 1.224647e-16
    outer loop
      vertex -2.114000e+00 1.229546e+01 1.015500e+01
      vertex -1.400000e+01 1.229546e+01 9.300000e+00
      vertex -2.093000e+00 1.229546e+01 1.017100e+01
    endloop
  endfacet
  facet normal 0.000000e+00 1.000000e+00 1.224647e-16
    outer loop
      vertex 2.214442e+01 1.229546e+01 3.552714e-15
      vertex 1.174000e+00 1.229546e+01 3.386000e+00
      vertex 1.493000e+00 1.229546e+01 3.506000e+00
    endloop
  endfacet
  facet normal 0.000000e+00 1.000000e+00 1.224647e-16
    outer loop
      vertex 2.214442e+01 1.229546e+01 3.552714e-15
      vertex 1.493000e+00 1.229546e+01 3.506000e+00
      vertex 1.801001e+00 1.229546e+01 3.654000e+00
    endloop
  endfacet
  facet normal 0.000000e+00 1.000000e+00 1.224647e-16
    outer loop
      vertex 2.214442e+01 1.229546e+01 3.552714e-15
      vertex 1.801001e+00 1.229546e+01 3.654000e+00
      vertex 1.400000e+01 1.229546e+01 4.700000e+00
    endloop
  endfacet
  facet normal 0.000000e+00 1.000000e+00 1.224647e-16
    outer loop
      vertex 1.630000e+01 1.229546e+01 7.000000e+00
      vertex 1.618700e+01 1.229546e+01 7.711000e+00
      vertex 2.214442e+01 1.229546e+01 1.500000e+01
    endloop
  endfacet
  facet normal 0.000000e+00 1.000000e+00 1.224647e-16
    outer loop
      vertex 2.214442e+01 1.229546e+01 3.552714e-15
      vertex 1.400000e+01 1.229546e+01 4.700000e+00
      vertex 1.471100e+01 1.229546e+01 4.813000e+00
    endloop
  endfacet
  facet normal 0.000000e+00 1.000000e+00 1.224647e-16
    outer loop
      vertex 2.214442e+01 1.229546e+01 3.552714e-15
      vertex 1.471100e+01 1.229546e+01 4.813000e+00
      vertex 1.535200e+01 1.229546e+01 5.139000e+00
    endloop
  endfacet
  facet normal 0.000000e+00 1.000000e+00 1.224647e-16
    outer loop
      vertex 2.214442e+01 1.229546e+01 3.552714e-15
      vertex 1.586100e+01 1.229546e+01 5.648000e+00
      vertex 2.214442e+01 1.229546e+01 1.500000e+01
    endloop
  endfacet
  facet normal 0.000000e+00 1.000000e+00 1.224647e-16
    outer loop
      vertex 2.214442e+01 1.229546e+01 3.552714e-15
      vertex 1.535200e+01 1.229546e+01 5.139000e+00
      vertex 1.586100e+01 1.229546e+01 5.648000e+00
    endloop
  endfacet
  facet normal 0.000000e+00 1.000000e+00 1.224647e-16
    outer loop
      vertex 1.586100e+01 1.229546e+01 5.648000e+00
      vertex 1.618700e+01 1.229546e+01 6.289000e+00
      vertex 2.214442e+01 1.229546e+01 1.500000e+01
    endloop
  endfacet
  facet normal 0.000000e+00 1.000000e+00 1.224647e-16
    outer loop
      vertex 1.618700e+01 1.229546e+01 7.711000e+00
      vertex 1.586100e+01 1.229546e+01 8.352000e+00
      vertex 2.214442e+01 1.229546e+01 1.500000e+01
    endloop
  endfacet
  facet normal 0.000000e+00 1.000000e+00 1.224647e-16
    outer loop
      vertex 1.586100e+01 1.229546e+01 8.352000e+00
      vertex 1.535200e+01 1.229546e+01 8.861000e+00
      vertex 2.214442e+01 1.229546e+01 1.500000e+01
    endloop
  endfacet
  facet normal 0.000000e+00 1.000000e+00 1.224647e-16
    outer loop
      vertex 1.618700e+01 1.229546e+01 6.289000e+00
      vertex 1.630000e+01 1.229546e+01 7.000000e+00
      vertex 2.214442e+01 1.229546e+01 1.500000e+01
    endloop
  endfacet
  facet normal 0.000000e+00 1.000000e+00 1.224647e-16
    outer loop
      vertex 1.535200e+01 1.229546e+01 8.861000e+00
      vertex 1.471100e+01 1.229546e+01 9.187000e+00
      vertex 2.214442e+01 1.229546e+01 1.500000e+01
    endloop
  endfacet
  facet normal 0.000000e+00 1.000000e+00 1.224647e-16
    outer loop
      vertex 1.471100e+01 1.229546e+01 9.187000e+00
      vertex 1.400000e+01 1.229546e+01 9.300000e+00
      vertex 2.214442e+01 1.229546e+01 1.500000e+01
    endloop
  endfacet
  facet normal 0.000000e+00 1.000000e+00 1.224647e-16
    outer loop
      vertex 2.114001e+00 1.229546e+01 1.015500e+01
      vertex 2.093001e+00 1.229546e+01 1.017100e+01
      vertex 2.214442e+01 1.229546e+01 1.500000e+01
    endloop
  endfacet
  facet normal 0.000000e+00 1.000000e+00 1.224647e-16
    outer loop
      vertex 2.093001e+00 1.229546e+01 1.017100e+01
      vertex 1.801001e+00 1.229546e+01 1.034600e+01
      vertex 2.214442e+01 1.229546e+01 1.500000e+01
    endloop
  endfacet
  facet normal 0.000000e+00 1.000000e+00 1.224647e-16
    outer loop
      vertex 1.493000e+00 1.229546e+01 1.049400e+01
      vertex 1.174000e+00 1.229546e+01 1.061400e+01
      vertex 2.214442e+01 1.229546e+01 1.500000e+01
    endloop
  endfacet
  facet normal 0.000000e+00 1.000000e+00 1.224647e-16
    outer loop
      vertex 8.460010e-01 1.229546e+01 1.070500e+01
      vertex 5.100006e-01 1.229546e+01 1.076600e+01
      vertex 2.214442e+01 1.229546e+01 1.500000e+01
    endloop
  endfacet
  facet normal 0.000000e+00 1.000000e+00 1.224647e-16
    outer loop
      vertex 5.100006e-01 1.229546e+01 1.076600e+01
      vertex 1.700004e-01 1.229546e+01 1.079600e+01
      vertex 2.214442e+01 1.229546e+01 1.500000e+01
    endloop
  endfacet
  facet normal 0.000000e+00 1.000000e+00 1.224647e-16
    outer loop
      vertex -5.099999e-01 1.229546e+01 1.076600e+01
      vertex -2.214442e+01 1.229546e+01 1.500000e+01
      vertex -1.699997e-01 1.229546e+01 1.079600e+01
    endloop
  endfacet
  facet normal 0.000000e+00 1.000000e+00 1.224647e-16
    outer loop
      vertex -8.460003e-01 1.229546e+01 1.070500e+01
      vertex -2.214442e+01 1.229546e+01 1.500000e+01
      vertex -5.099999e-01 1.229546e+01 1.076600e+01
    endloop
  endfacet
  facet normal 0.000000e+00 1.000000e+00 1.224647e-16
    outer loop
      vertex -1.400000e+01 1.229546e+01 9.300000e+00
      vertex -2.214442e+01 1.229546e+01 1.500000e+01
      vertex -8.460003e-01 1.229546e+01 1.070500e+01
    endloop
  endfacet
  facet normal 0.000000e+00 1.000000e+00 1.224647e-16
    outer loop
      vertex -1.173999e+00 1.229546e+01 1.061400e+01
      vertex -1.400000e+01 1.229546e+01 9.300000e+00
      vertex -8.460003e-01 1.229546e+01 1.070500e+01
    endloop
  endfacet
  facet normal 0.000000e+00 1.000000e+00 1.224647e-16
    outer loop
      vertex -1.471100e+01 1.229546e+01 9.187000e+00
      vertex -2.214442e+01 1.229546e+01 1.500000e+01
      vertex -1.400000e+01 1.229546e+01 9.300000e+00
    endloop
  endfacet
  facet normal 0.000000e+00 1.000000e+00 1.224647e-16
    outer loop
      vertex -1.535200e+01 1.229546e+01 8.861000e+00
      vertex -2.214442e+01 1.229546e+01 1.500000e+01
      vertex -1.471100e+01 1.229546e+01 9.187000e+00
    endloop
  endfacet
  facet normal 0.000000e+00 1.000000e+00 1.224647e-16
    outer loop
      vertex -1.586100e+01 1.229546e+01 8.352000e+00
      vertex -2.214442e+01 1.229546e+01 1.500000e+01
      vertex -1.535200e+01 1.229546e+01 8.861000e+00
    endloop
  endfacet
  facet normal 0.000000e+00 1.000000e+00 1.224647e-16
    outer loop
      vertex -1.618700e+01 1.229546e+01 7.711000e+00
      vertex -2.214442e+01 1.229546e+01 1.500000e+01
      vertex -1.586100e+01 1.229546e+01 8.352000e+00
    endloop
  endfacet
  facet normal 0.000000e+00 1.000000e+00 1.224647e-16
    outer loop
      vertex -1.801000e+00 1.229546e+01 1.034600e+01
      vertex -1.400000e+01 1.229546e+01 9.300000e+00
      vertex -1.493000e+00 1.229546e+01 1.049400e+01
    endloop
  endfacet
  facet normal 0.000000e+00 1.000000e+00 1.224647e-16
    outer loop
      vertex -1.400000e+01 1.229546e+01 4.700000e+00
      vertex -2.114000e+00 1.229546e+01 3.845000e+00
      vertex -2.214442e+01 1.229546e+01 3.552714e-15
    endloop
  endfacet
  facet normal 0.000000e+00 1.000000e+00 1.224647e-16
    outer loop
      vertex 8.460010e-01 1.229546e+01 3.295000e+00
      vertex 1.174000e+00 1.229546e+01 3.386000e+00
      vertex 2.214442e+01 1.229546e+01 3.552714e-15
    endloop
  endfacet
  facet normal -0.000000e+00 1.000000e+00 1.224647e-16
    outer loop
      vertex 2.093001e+00 1.229546e+01 3.829000e+00
      vertex 1.400000e+01 1.229546e+01 4.700000e+00
      vertex 1.801001e+00 1.229546e+01 3.654000e+00
    endloop
  endfacet
  facet normal -0.000000e+00 1.000000e+00 1.224647e-16
    outer loop
      vertex 2.114001e+00 1.229546e+01 3.845000e+00
      vertex 1.400000e+01 1.229546e+01 4.700000e+00
      vertex 2.093001e+00 1.229546e+01 3.829000e+00
    endloop
  endfacet
  facet normal 0.000000e+00 1.000000e+00 1.224647e-16
    outer loop
      vertex 1.400000e+01 1.229546e+01 9.300000e+00
      vertex 2.114001e+00 1.229546e+01 1.015500e+01
      vertex 2.214442e+01 1.229546e+01 1.500000e+01
    endloop
  endfacet
  facet normal 1.253300e-01 9.921151e-01 1.214991e-16
    outer loop
      vertex 2.214442e+01 1.229546e+01 3.552714e-15
      vertex 2.214442e+01 1.229546e+01 1.500000e+01
      vertex 2.243098e+01 1.225926e+01 1.500000e+01
    endloop
  endfacet
  facet normal 1.253300e-01 9.921151e-01 1.214991e-16
    outer loop
      vertex 2.243098e+01 1.225926e+01 3.552714e-15
      vertex 2.214442e+01 1.229546e+01 3.552714e-15
      vertex 2.243098e+01 1.225926e+01 1.500000e+01
    endloop
  endfacet
  facet normal 2.486910e-01 9.685829e-01 1.186172e-16
    outer loop
      vertex 2.243098e+01 1.225926e+01 3.552714e-15
      vertex 2.243098e+01 1.225926e+01 1.500000e+01
      vertex 2.271074e+01 1.218743e+01 1.500000e+01
    endloop
  endfacet
  facet normal 2.486910e-01 9.685829e-01 1.186172e-16
    outer loop
      vertex 2.271074e+01 1.218743e+01 3.552714e-15
      vertex 2.243098e+01 1.225926e+01 3.552714e-15
      vertex 2.271074e+01 1.218743e+01 1.500000e+01
    endloop
  endfacet
  facet normal 3.681260e-01 9.297759e-01 1.138647e-16
    outer loop
      vertex 2.271074e+01 1.218743e+01 3.552714e-15
      vertex 2.271074e+01 1.218743e+01 1.500000e+01
      vertex 2.297929e+01 1.208110e+01 1.500000e+01
    endloop
  endfacet
  facet normal 3.681260e-01 9.297759e-01 1.138647e-16
    outer loop
      vertex 2.297929e+01 1.208110e+01 3.552714e-15
      vertex 2.271074e+01 1.218743e+01 3.552714e-15
      vertex 2.297929e+01 1.208110e+01 1.500000e+01
    endloop
  endfacet
  facet normal 4.817530e-01 8.763070e-01 1.073167e-16
    outer loop
      vertex 2.297929e+01 1.208110e+01 3.552714e-15
      vertex 2.297929e+01 1.208110e+01 1.500000e+01
      vertex 2.323240e+01 1.194195e+01 1.500000e+01
    endloop
  endfacet
  facet normal 4.817530e-01 8.763070e-01 1.073167e-16
    outer loop
      vertex 2.323240e+01 1.194195e+01 3.552714e-15
      vertex 2.297929e+01 1.208110e+01 3.552714e-15
      vertex 2.323240e+01 1.194195e+01 1.500000e+01
    endloop
  endfacet
  facet normal 5.877869e-01 8.090159e-01 9.907586e-17
    outer loop
      vertex 2.323240e+01 1.194195e+01 3.552714e-15
      vertex 2.323240e+01 1.194195e+01 1.500000e+01
      vertex 2.346608e+01 1.177218e+01 1.500000e+01
    endloop
  endfacet
  facet normal 5.877869e-01 8.090159e-01 9.907586e-17
    outer loop
      vertex 2.346608e+01 1.177218e+01 3.552714e-15
      vertex 2.323240e+01 1.194195e+01 3.552714e-15
      vertex 2.346608e+01 1.177218e+01 1.500000e+01
    endloop
  endfacet
  facet normal 6.845463e-01 7.289693e-01 8.927299e-17
    outer loop
      vertex 2.346608e+01 1.177218e+01 3.552714e-15
      vertex 2.346608e+01 1.177218e+01 1.500000e+01
      vertex 2.367663e+01 1.157446e+01 1.500000e+01
    endloop
  endfacet
  facet normal 6.845463e-01 7.289693e-01 8.927299e-17
    outer loop
      vertex 2.367663e+01 1.157446e+01 3.552714e-15
      vertex 2.346608e+01 1.177218e+01 3.552714e-15
      vertex 2.367663e+01 1.157446e+01 1.500000e+01
    endloop
  endfacet
  facet normal 7.705132e-01 6.374242e-01 7.806195e-17
    outer loop
      vertex 2.367663e+01 1.157446e+01 3.552714e-15
      vertex 2.367663e+01 1.157446e+01 1.500000e+01
      vertex 2.386074e+01 1.135191e+01 1.500000e+01
    endloop
  endfacet
  facet normal 7.705132e-01 6.374242e-01 7.806195e-17
    outer loop
      vertex 2.386074e+01 1.135191e+01 3.552714e-15
      vertex 2.367663e+01 1.157446e+01 3.552714e-15
      vertex 2.386074e+01 1.135191e+01 1.500000e+01
    endloop
  endfacet
  facet normal 8.443286e-01 5.358258e-01 6.561973e-17
    outer loop
      vertex 2.386074e+01 1.135191e+01 3.552714e-15
      vertex 2.386074e+01 1.135191e+01 1.500000e+01
      vertex 2.401551e+01 1.110803e+01 1.500000e+01
    endloop
  endfacet
  facet normal 8.443286e-01 5.358258e-01 6.561973e-17
    outer loop
      vertex 2.401551e+01 1.110803e+01 3.552714e-15
      vertex 2.386074e+01 1.135191e+01 3.552714e-15
      vertex 2.401551e+01 1.110803e+01 1.500000e+01
    endloop
  endfacet
  facet normal 9.048262e-01 4.257811e-01 5.214315e-17
    outer loop
      vertex 2.401551e+01 1.110803e+01 3.552714e-15
      vertex 2.401551e+01 1.110803e+01 1.500000e+01
      vertex 2.413849e+01 1.084669e+01 1.500000e+01
    endloop
  endfacet
  facet normal 9.048262e-01 4.257811e-01 5.214315e-17
    outer loop
      vertex 2.413849e+01 1.084669e+01 3.552714e-15
      vertex 2.401551e+01 1.110803e+01 3.552714e-15
      vertex 2.413849e+01 1.084669e+01 1.500000e+01
    endloop
  endfacet
  facet normal 9.510565e-01 3.090169e-01 3.784365e-17
    outer loop
      vertex 2.413849e+01 1.084669e+01 3.552714e-15
      vertex 2.413849e+01 1.084669e+01 1.500000e+01
      vertex 2.422774e+01 1.057199e+01 1.500000e+01
    endloop
  endfacet
  facet normal 9.510565e-01 3.090169e-01 3.784365e-17
    outer loop
      vertex 2.422774e+01 1.057199e+01 3.552714e-15
      vertex 2.413849e+01 1.084669e+01 3.552714e-15
      vertex 2.422774e+01 1.057199e+01 1.500000e+01
    endloop
  endfacet
  facet normal 9.822871e-01 1.873820e-01 2.294768e-17
    outer loop
      vertex 2.422774e+01 1.057199e+01 3.552714e-15
      vertex 2.422774e+01 1.057199e+01 1.500000e+01
      vertex 2.428186e+01 1.028827e+01 1.500000e+01
    endloop
  endfacet
  facet normal 9.822871e-01 1.873820e-01 2.294768e-17
    outer loop
      vertex 2.428186e+01 1.028827e+01 3.552714e-15
      vertex 2.422774e+01 1.057199e+01 3.552714e-15
      vertex 2.428186e+01 1.028827e+01 1.500000e+01
    endloop
  endfacet
  facet normal 9.980268e-01 6.278998e-02 7.689555e-18
    outer loop
      vertex 2.428186e+01 1.028827e+01 3.552714e-15
      vertex 2.428186e+01 1.028827e+01 1.500000e+01
      vertex 2.430000e+01 1.000000e+01 1.500000e+01
    endloop
  endfacet
  facet normal 9.980268e-01 6.278998e-02 7.689555e-18
    outer loop
      vertex 2.430000e+01 1.000000e+01 3.552714e-15
      vertex 2.428186e+01 1.028827e+01 3.552714e-15
      vertex 2.430000e+01 1.000000e+01 1.500000e+01
    endloop
  endfacet
  facet normal 1.000000e+00 0.000000e+00 0.000000e+00
    outer loop
      vertex 2.430000e+01 1.000000e+01 3.552714e-15
      vertex 2.430000e+01 1.000000e+01 1.500000e+01
      vertex 2.430000e+01 -1.000000e+01 1.500000e+01
    endloop
  endfacet
  facet normal 1.000000e+00 0.000000e+00 0.000000e+00
    outer loop
      vertex 2.430000e+01 -1.000000e+01 1.776357e-15
      vertex 2.430000e+01 1.000000e+01 3.552714e-15
      vertex 2.430000e+01 -1.000000e+01 1.500000e+01
    endloop
  endfacet
  facet normal 9.980268e-01 -6.278998e-02 -7.689555e-18
    outer loop
      vertex 2.430000e+01 -1.000000e+01 1.500000e+01
      vertex 2.428186e+01 -1.028826e+01 1.500000e+01
      vertex 2.428186e+01 -1.028826e+01 1.776357e-15
    endloop
  endfacet
  facet normal 9.980268e-01 -6.278998e-02 -7.689555e-18
    outer loop
      vertex 2.430000e+01 -1.000000e+01 1.776357e-15
      vertex 2.430000e+01 -1.000000e+01 1.500000e+01
      vertex 2.428186e+01 -1.028826e+01 1.776357e-15
    endloop
  endfacet
  facet normal 9.822871e-01 -1.873820e-01 -2.294768e-17
    outer loop
      vertex 2.428186e+01 -1.028826e+01 1.500000e+01
      vertex 2.422774e+01 -1.057199e+01 1.500000e+01
      vertex 2.422774e+01 -1.057199e+01 1.776357e-15
    endloop
  endfacet
  facet normal 9.822871e-01 -1.873820e-01 -2.294768e-17
    outer loop
      vertex 2.428186e+01 -1.028826e+01 1.776357e-15
      vertex 2.428186e+01 -1.028826e+01 1.500000e+01
      vertex 2.422774e+01 -1.057199e+01 1.776357e-15
    endloop
  endfacet
  facet normal 9.510565e-01 -3.090169e-01 -3.784365e-17
    outer loop
      vertex 2.422774e+01 -1.057199e+01 1.500000e+01
      vertex 2.413849e+01 -1.084669e+01 1.500000e+01
      vertex 2.413849e+01 -1.084669e+01 1.776357e-15
    endloop
  endfacet
  facet normal 9.510565e-01 -3.090169e-01 -3.784365e-17
    outer loop
      vertex 2.422774e+01 -1.057199e+01 1.776357e-15
      vertex 2.422774e+01 -1.057199e+01 1.500000e+01
      vertex 2.413849e+01 -1.084669e+01 1.776357e-15
    endloop
  endfacet
  facet normal 9.048262e-01 -4.257811e-01 -5.214315e-17
    outer loop
      vertex 2.413849e+01 -1.084669e+01 1.500000e+01
      vertex 2.401551e+01 -1.110803e+01 1.500000e+01
      vertex 2.401551e+01 -1.110803e+01 1.776357e-15
    endloop
  endfacet
  facet normal 9.048262e-01 -4.257811e-01 -5.214315e-17
    outer loop
      vertex 2.413849e+01 -1.084669e+01 1.776357e-15
      vertex 2.413849e+01 -1.084669e+01 1.500000e+01
      vertex 2.401551e+01 -1.110803e+01 1.776357e-15
    endloop
  endfacet
  facet normal 8.443286e-01 -5.358258e-01 -6.561973e-17
    outer loop
      vertex 2.401551e+01 -1.110803e+01 1.500000e+01
      vertex 2.386074e+01 -1.135191e+01 1.500000e+01
      vertex 2.386074e+01 -1.135191e+01 1.776357e-15
    endloop
  endfacet
  facet normal 8.443286e-01 -5.358258e-01 -6.561973e-17
    outer loop
      vertex 2.401551e+01 -1.110803e+01 1.776357e-15
      vertex 2.401551e+01 -1.110803e+01 1.500000e+01
      vertex 2.386074e+01 -1.135191e+01 1.776357e-15
    endloop
  endfacet
  facet normal 7.705132e-01 -6.374242e-01 -7.806195e-17
    outer loop
      vertex 2.386074e+01 -1.135191e+01 1.500000e+01
      vertex 2.367663e+01 -1.157446e+01 1.500000e+01
      vertex 2.367663e+01 -1.157446e+01 1.776357e-15
    endloop
  endfacet
  facet normal 7.705132e-01 -6.374242e-01 -7.806195e-17
    outer loop
      vertex 2.386074e+01 -1.135191e+01 1.776357e-15
      vertex 2.386074e+01 -1.135191e+01 1.500000e+01
      vertex 2.367663e+01 -1.157446e+01 1.776357e-15
    endloop
  endfacet
  facet normal 6.845463e-01 -7.289693e-01 -8.927299e-17
    outer loop
      vertex 2.346608e+01 -1.177218e+01 1.500000e+01
      vertex 2.346608e+01 -1.177218e+01 0.000000e+00
      vertex 2.367663e+01 -1.157446e+01 1.500000e+01
    endloop
  endfacet
  facet normal 6.845463e-01 -7.289693e-01 -8.927299e-17
    outer loop
      vertex 2.367663e+01 -1.157446e+01 1.500000e+01
      vertex 2.346608e+01 -1.177218e+01 0.000000e+00
      vertex 2.367663e+01 -1.157446e+01 1.776357e-15
    endloop
  endfacet
  facet normal 5.877869e-01 -8.090159e-01 -9.907586e-17
    outer loop
      vertex 2.323240e+01 -1.194195e+01 1.500000e+01
      vertex 2.323240e+01 -1.194195e+01 0.000000e+00
      vertex 2.346608e+01 -1.177218e+01 1.500000e+01
    endloop
  endfacet
  facet normal 5.877869e-01 -8.090159e-01 -9.907586e-17
    outer loop
      vertex 2.346608e+01 -1.177218e+01 1.500000e+01
      vertex 2.323240e+01 -1.194195e+01 0.000000e+00
      vertex 2.346608e+01 -1.177218e+01 0.000000e+00
    endloop
  endfacet
  facet normal 4.817530e-01 -8.763070e-01 -1.073167e-16
    outer loop
      vertex 2.297929e+01 -1.208110e+01 1.500000e+01
      vertex 2.297929e+01 -1.208110e+01 0.000000e+00
      vertex 2.323240e+01 -1.194195e+01 1.500000e+01
    endloop
  endfacet
  facet normal 4.817530e-01 -8.763070e-01 -1.073167e-16
    outer loop
      vertex 2.323240e+01 -1.194195e+01 1.500000e+01
      vertex 2.297929e+01 -1.208110e+01 0.000000e+00
      vertex 2.323240e+01 -1.194195e+01 0.000000e+00
    endloop
  endfacet
  facet normal 3.681260e-01 -9.297759e-01 -1.138647e-16
    outer loop
      vertex 2.271074e+01 -1.218743e+01 1.500000e+01
      vertex 2.271074e+01 -1.218743e+01 0.000000e+00
      vertex 2.297929e+01 -1.208110e+01 1.500000e+01
    endloop
  endfacet
  facet normal 3.681260e-01 -9.297759e-01 -1.138647e-16
    outer loop
      vertex 2.297929e+01 -1.208110e+01 1.500000e+01
      vertex 2.271074e+01 -1.218743e+01 0.000000e+00
      vertex 2.297929e+01 -1.208110e+01 0.000000e+00
    endloop
  endfacet
  facet normal 2.486910e-01 -9.685829e-01 -1.186172e-16
    outer loop
      vertex 2.243098e+01 -1.225926e+01 1.500000e+01
      vertex 2.243098e+01 -1.225926e+01 0.000000e+00
      vertex 2.271074e+01 -1.218743e+01 1.500000e+01
    endloop
  endfacet
  facet normal 2.486910e-01 -9.685829e-01 -1.186172e-16
    outer loop
      vertex 2.271074e+01 -1.218743e+01 1.500000e+01
      vertex 2.243098e+01 -1.225926e+01 0.000000e+00
      vertex 2.271074e+01 -1.218743e+01 0.000000e+00
    endloop
  endfacet
  facet normal 1.253300e-01 -9.921151e-01 -1.214991e-16
    outer loop
      vertex 2.214442e+01 -1.229546e+01 1.500000e+01
      vertex 2.214442e+01 -1.229546e+01 0.000000e+00
      vertex 2.243098e+01 -1.225926e+01 1.500000e+01
    endloop
  endfacet
  facet normal 1.253300e-01 -9.921151e-01 -1.214991e-16
    outer loop
      vertex 2.243098e+01 -1.225926e+01 1.500000e+01
      vertex 2.214442e+01 -1.229546e+01 0.000000e+00
      vertex 2.243098e+01 -1.225926e+01 0.000000e+00
    endloop
  endfacet
  facet normal 0.000000e+00 -1.000000e+00 -1.224647e-16
    outer loop
      vertex -2.214442e+01 -1.229546e+01 1.500000e+01
      vertex -2.214442e+01 -1.229546e+01 0.000000e+00
      vertex -7.500000e+00 -1.229546e+01 1.500000e+01
    endloop
  endfacet
  facet normal 0.000000e+00 -1.000000e+00 -1.224647e-16
    outer loop
      vertex -7.500000e+00 -1.229546e+01 1.350000e+01
      vertex -2.214442e+01 -1.229546e+01 0.000000e+00
      vertex 2.214442e+01 -1.229546e+01 0.000000e+00
    endloop
  endfacet
  facet normal 0.000000e+00 -1.000000e+00 -1.224647e-16
    outer loop
      vertex 7.500000e+00 -1.229546e+01 1.500000e+01
      vertex 2.214442e+01 -1.229546e+01 0.000000e+00
      vertex 2.214442e+01 -1.229546e+01 1.500000e+01
    endloop
  endfacet
  facet normal 0.000000e+00 -1.000000e+00 -1.224647e-16
    outer loop
      vertex 7.500000e+00 -1.229546e+01 1.350000e+01
      vertex 2.214442e+01 -1.229546e+01 0.000000e+00
      vertex 7.500000e+00 -1.229546e+01 1.500000e+01
    endloop
  endfacet
  facet normal 0.000000e+00 -1.000000e+00 -1.224647e-16
    outer loop
      vertex -7.500000e+00 -1.229546e+01 1.500000e+01
      vertex -2.214442e+01 -1.229546e+01 0.000000e+00
      vertex -7.500000e+00 -1.229546e+01 1.350000e+01
    endloop
  endfacet
  facet normal 0.000000e+00 -1.000000e+00 -1.224647e-16
    outer loop
      vertex -7.500000e+00 -1.229546e+01 1.350000e+01
      vertex 2.214442e+01 -1.229546e+01 0.000000e+00
      vertex 7.500000e+00 -1.229546e+01 1.350000e+01
    endloop
  endfacet
  facet normal -1.000000e+00 0.000000e+00 -0.000000e+00
    outer loop
      vertex 7.500000e+00 -1.229546e+01 1.350000e+01
      vertex 7.500000e+00 -1.229546e+01 1.500000e+01
      vertex 7.500000e+00 -1.100000e+01 1.350000e+01
    endloop
  endfacet
  facet normal -1.000000e+00 0.000000e+00 -0.000000e+00
    outer loop
      vertex 7.500000e+00 -1.100000e+01 1.350000e+01
      vertex 7.500000e+00 -1.229546e+01 1.500000e+01
      vertex 7.500000e+00 -1.100000e+01 1.500000e+01
    endloop
  endfacet
  facet normal 0.000000e+00 1.000000e+00 1.224647e-16
    outer loop
      vertex 2.300000e+01 -1.100000e+01 9.500000e+00
      vertex -7.500000e+00 -1.100000e+01 1.350000e+01
      vertex 7.500000e+00 -1.100000e+01 1.350000e+01
    endloop
  endfacet
  facet normal 0.000000e+00 1.000000e+00 1.224647e-16
    outer loop
      vertex 7.500000e+00 -1.100000e+01 9.500000e+00
      vertex 7.500000e+00 -1.100000e+01 7.500000e+00
      vertex -7.500000e+00 -1.100000e+01 1.350000e+01
    endloop
  endfacet
  facet normal 0.000000e+00 1.000000e+00 1.224647e-16
    outer loop
      vertex -7.500000e+00 -1.100000e+01 1.500000e+01
      vertex -7.500000e+00 -1.100000e+01 1.350000e+01
      vertex -2.300000e+01 -1.100000e+01 9.500000e+00
    endloop
  endfacet
  facet normal -0.000000e+00 1.000000e+00 1.224647e-16
    outer loop
      vertex 7.500000e+00 -1.100000e+01 1.500000e+01
      vertex 2.300000e+01 -1.100000e+01 1.500000e+01
      vertex 7.500000e+00 -1.100000e+01 1.350000e+01
    endloop
  endfacet
  facet normal 0.000000e+00 1.000000e+00 1.224647e-16
    outer loop
      vertex 2.300000e+01 -1.100000e+01 1.500000e+01
      vertex 2.300000e+01 -1.100000e+01 9.500000e+00
      vertex 7.500000e+00 -1.100000e+01 1.350000e+01
    endloop
  endfacet
  facet normal 0.000000e+00 1.000000e+00 1.224647e-16
    outer loop
      vertex 2.300000e+01 -1.100000e+01 9.500000e+00
      vertex 7.500000e+00 -1.100000e+01 9.500000e+00
      vertex -7.500000e+00 -1.100000e+01 1.350000e+01
    endloop
  endfacet
  facet normal 0.000000e+00 1.000000e+00 1.224647e-16
    outer loop
      vertex -7.500000e+00 -1.100000e+01 9.500000e+00
      vertex -2.300000e+01 -1.100000e+01 9.500000e+00
      vertex -7.500000e+00 -1.100000e+01 1.350000e+01
    endloop
  endfacet
  facet normal 0.000000e+00 1.000000e+00 1.224647e-16
    outer loop
      vertex 7.500000e+00 -1.100000e+01 7.500000e+00
      vertex -7.500000e+00 -1.100000e+01 9.500000e+00
      vertex -7.500000e+00 -1.100000e+01 1.350000e+01
    endloop
  endfacet
  facet normal 0.000000e+00 1.000000e+00 1.224647e-16
    outer loop
      vertex 7.500000e+00 -1.100000e+01 7.500000e+00
      vertex -7.500000e+00 -1.100000e+01 7.500000e+00
      vertex -7.500000e+00 -1.100000e+01 9.500000e+00
    endloop
  endfacet
  facet normal 0.000000e+00 1.000000e+00 1.224647e-16
    outer loop
      vertex -7.500000e+00 -1.100000e+01 1.500000e+01
      vertex -2.300000e+01 -1.100000e+01 9.500000e+00
      vertex -2.300000e+01 -1.100000e+01 1.500000e+01
    endloop
  endfacet
  facet normal -1.000000e+00 0.000000e+00 -0.000000e+00
    outer loop
      vertex 2.300000e+01 -1.100000e+01 9.500000e+00
      vertex 2.300000e+01 -1.100000e+01 1.500000e+01
      vertex 2.300000e+01 1.100000e+01 9.500000e+00
    endloop
  endfacet
  facet normal -1.000000e+00 0.000000e+00 -0.000000e+00
    outer loop
      vertex 2.300000e+01 1.100000e+01 9.500000e+00
      vertex 2.300000e+01 -1.100000e+01 1.500000e+01
      vertex 2.300000e+01 1.100000e+01 1.500000e+01
    endloop
  endfacet
  facet normal 0.000000e+00 -1.000000e+00 -1.224647e-16
    outer loop
      vertex 2.300000e+01 1.100000e+01 9.500000e+00
      vertex 2.300000e+01 1.100000e+01 1.500000e+01
      vertex -2.300000e+01 1.100000e+01 9.500000e+00
    endloop
  endfacet
  facet normal 0.000000e+00 -1.000000e+00 -1.224647e-16
    outer loop
      vertex -2.300000e+01 1.100000e+01 9.500000e+00
      vertex 2.300000e+01 1.100000e+01 1.500000e+01
      vertex -2.300000e+01 1.100000e+01 1.500000e+01
    endloop
  endfacet
  facet normal 1.000000e+00 0.000000e+00 0.000000e+00
    outer loop
      vertex -2.300000e+01 -1.100000e+01 1.500000e+01
      vertex -2.300000e+01 -1.100000e+01 9.500000e+00
      vertex -2.300000e+01 1.100000e+01 9.500000e+00
    endloop
  endfacet
  facet normal 1.000000e+00 0.000000e+00 0.000000e+00
    outer loop
      vertex -2.300000e+01 1.100000e+01 1.500000e+01
      vertex -2.300000e+01 -1.100000e+01 1.500000e+01
      vertex -2.300000e+01 1.100000e+01 9.500000e+00
    endloop
  endfacet
  facet normal 1.000000e+00 0.000000e+00 0.000000e+00
    outer loop
      vertex -7.500000e+00 -1.229546e+01 1.500000e+01
      vertex -7.500000e+00 -1.229546e+01 1.350000e+01
      vertex -7.500000e+00 -1.100000e+01 1.350000e+01
    endloop
  endfacet
  facet normal 1.000000e+00 0.000000e+00 0.000000e+00
    outer loop
      vertex -7.500000e+00 -1.100000e+01 1.500000e+01
      vertex -7.500000e+00 -1.229546e+01 1.500000e+01
      vertex -7.500000e+00 -1.100000e+01 1.350000e+01
    endloop
  endfacet
  facet normal -1.253300e-01 -9.921151e-01 -1.214991e-16
    outer loop
      vertex -2.243098e+01 -1.225926e+01 1.500000e+01
      vertex -2.243098e+01 -1.225926e+01 0.000000e+00
      vertex -2.214442e+01 -1.229546e+01 1.500000e+01
    endloop
  endfacet
  facet normal -1.253300e-01 -9.921151e-01 -1.214991e-16
    outer loop
      vertex -2.214442e+01 -1.229546e+01 1.500000e+01
      vertex -2.243098e+01 -1.225926e+01 0.000000e+00
      vertex -2.214442e+01 -1.229546e+01 0.000000e+00
    endloop
  endfacet
  facet normal -2.486910e-01 -9.685829e-01 -1.186172e-16
    outer loop
      vertex -2.271074e+01 -1.218743e+01 1.500000e+01
      vertex -2.271074e+01 -1.218743e+01 0.000000e+00
      vertex -2.243098e+01 -1.225926e+01 1.500000e+01
    endloop
  endfacet
  facet normal -2.486910e-01 -9.685829e-01 -1.186172e-16
    outer loop
      vertex -2.243098e+01 -1.225926e+01 1.500000e+01
      vertex -2.271074e+01 -1.218743e+01 0.000000e+00
      vertex -2.243098e+01 -1.225926e+01 0.000000e+00
    endloop
  endfacet
  facet normal -3.681260e-01 -9.297759e-01 -1.138647e-16
    outer loop
      vertex -2.297929e+01 -1.208110e+01 1.500000e+01
      vertex -2.297929e+01 -1.208110e+01 0.000000e+00
      vertex -2.271074e+01 -1.218743e+01 1.500000e+01
    endloop
  endfacet
  facet normal -3.681260e-01 -9.297759e-01 -1.138647e-16
    outer loop
      vertex -2.271074e+01 -1.218743e+01 1.500000e+01
      vertex -2.297929e+01 -1.208110e+01 0.000000e+00
      vertex -2.271074e+01 -1.218743e+01 0.000000e+00
    endloop
  endfacet
  facet normal -4.817530e-01 -8.763070e-01 -1.073167e-16
    outer loop
      vertex -2.323240e+01 -1.194195e+01 1.500000e+01
      vertex -2.323240e+01 -1.194195e+01 0.000000e+00
      vertex -2.297929e+01 -1.208110e+01 1.500000e+01
    endloop
  endfacet
  facet normal -4.817530e-01 -8.763070e-01 -1.073167e-16
    outer loop
      vertex -2.297929e+01 -1.208110e+01 1.500000e+01
      vertex -2.323240e+01 -1.194195e+01 0.000000e+00
      vertex -2.297929e+01 -1.208110e+01 0.000000e+00
    endloop
  endfacet
  facet normal -5.877869e-01 -8.090159e-01 -9.907586e-17
    outer loop
      vertex -2.346607e+01 -1.177218e+01 1.500000e+01
      vertex -2.346607e+01 -1.177218e+01 0.000000e+00
      vertex -2.323240e+01 -1.194195e+01 1.500000e+01
    endloop
  endfacet
  facet normal -5.877869e-01 -8.090159e-01 -9.907586e-17
    outer loop
      vertex -2.323240e+01 -1.194195e+01 1.500000e+01
      vertex -2.346607e+01 -1.177218e+01 0.000000e+00
      vertex -2.323240e+01 -1.194195e+01 0.000000e+00
    endloop
  endfacet
  facet normal -6.845463e-01 -7.289693e-01 -8.927299e-17
    outer loop
      vertex -2.367663e+01 -1.157446e+01 1.500000e+01
      vertex -2.367663e+01 -1.157446e+01 1.776357e-15
      vertex -2.346607e+01 -1.177218e+01 1.500000e+01
    endloop
  endfacet
  facet normal -6.845463e-01 -7.289693e-01 -8.927299e-17
    outer loop
      vertex -2.346607e+01 -1.177218e+01 1.500000e+01
      vertex -2.367663e+01 -1.157446e+01 1.776357e-15
      vertex -2.346607e+01 -1.177218e+01 0.000000e+00
    endloop
  endfacet
  facet normal -7.705132e-01 -6.374242e-01 -7.806195e-17
    outer loop
      vertex -2.386074e+01 -1.135191e+01 1.500000e+01
      vertex -2.386074e+01 -1.135191e+01 1.776357e-15
      vertex -2.367663e+01 -1.157446e+01 1.500000e+01
    endloop
  endfacet
  facet normal -7.705132e-01 -6.374242e-01 -7.806195e-17
    outer loop
      vertex -2.367663e+01 -1.157446e+01 1.500000e+01
      vertex -2.386074e+01 -1.135191e+01 1.776357e-15
      vertex -2.367663e+01 -1.157446e+01 1.776357e-15
    endloop
  endfacet
  facet normal -8.443286e-01 -5.358258e-01 -6.561973e-17
    outer loop
      vertex -2.401550e+01 -1.110803e+01 1.500000e+01
      vertex -2.401550e+01 -1.110803e+01 1.776357e-15
      vertex -2.386074e+01 -1.135191e+01 1.500000e+01
    endloop
  endfacet
  facet normal -8.443286e-01 -5.358258e-01 -6.561973e-17
    outer loop
      vertex -2.386074e+01 -1.135191e+01 1.500000e+01
      vertex -2.401550e+01 -1.110803e+01 1.776357e-15
      vertex -2.386074e+01 -1.135191e+01 1.776357e-15
    endloop
  endfacet
  facet normal -9.048262e-01 -4.257811e-01 -5.214315e-17
    outer loop
      vertex -2.413849e+01 -1.084669e+01 1.500000e+01
      vertex -2.413849e+01 -1.084669e+01 1.776357e-15
      vertex -2.401550e+01 -1.110803e+01 1.500000e+01
    endloop
  endfacet
  facet normal -9.048262e-01 -4.257811e-01 -5.214315e-17
    outer loop
      vertex -2.401550e+01 -1.110803e+01 1.500000e+01
      vertex -2.413849e+01 -1.084669e+01 1.776357e-15
      vertex -2.401550e+01 -1.110803e+01 1.776357e-15
    endloop
  endfacet
  facet normal -9.510565e-01 -3.090169e-01 -3.784365e-17
    outer loop
      vertex -2.422774e+01 -1.057199e+01 1.500000e+01
      vertex -2.422774e+01 -1.057199e+01 1.776357e-15
      vertex -2.413849e+01 -1.084669e+01 1.500000e+01
    endloop
  endfacet
  facet normal -9.510565e-01 -3.090169e-01 -3.784365e-17
    outer loop
      vertex -2.413849e+01 -1.084669e+01 1.500000e+01
      vertex -2.422774e+01 -1.057199e+01 1.776357e-15
      vertex -2.413849e+01 -1.084669e+01 1.776357e-15
    endloop
  endfacet
  facet normal -9.822871e-01 -1.873820e-01 -2.294768e-17
    outer loop
      vertex -2.428186e+01 -1.028826e+01 1.500000e+01
      vertex -2.428186e+01 -1.028826e+01 1.776357e-15
      vertex -2.422774e+01 -1.057199e+01 1.500000e+01
    endloop
  endfacet
  facet normal -9.822871e-01 -1.873820e-01 -2.294768e-17
    outer loop
      vertex -2.422774e+01 -1.057199e+01 1.500000e+01
      vertex -2.428186e+01 -1.028826e+01 1.776357e-15
      vertex -2.422774e+01 -1.057199e+01 1.776357e-15
    endloop
  endfacet
  facet normal 9.766207e-01 -2.149699e-01 -2.632622e-17
    outer loop
      vertex -2.094724e+01 9.730715e-01 1.776357e-15
      vertex -2.052888e+01 2.873714e+00 3.552714e-15
      vertex -2.052888e+01 2.873714e+00 9.500000e+00
    endloop
  endfacet
  facet normal 9.766207e-01 -2.149699e-01 -2.632622e-17
    outer loop
      vertex -2.094724e+01 9.730715e-01 9.500000e+00
      vertex -2.094724e+01 9.730715e-01 1.776357e-15
      vertex -2.052888e+01 2.873714e+00 9.500000e+00
    endloop
  endfacet
  facet normal 1.000000e+00 0.000000e+00 0.000000e+00
    outer loop
      vertex -2.094724e+01 -9.730707e-01 9.500000e+00
      vertex -2.094724e+01 -9.730707e-01 1.776357e-15
      vertex -2.094724e+01 9.730715e-01 1.776357e-15
    endloop
  endfacet
  facet normal 1.000000e+00 0.000000e+00 0.000000e+00
    outer loop
      vertex -2.094724e+01 9.730715e-01 9.500000e+00
      vertex -2.094724e+01 -9.730707e-01 9.500000e+00
      vertex -2.094724e+01 9.730715e-01 1.776357e-15
    endloop
  endfacet
  facet normal 9.075754e-01 -4.198892e-01 -5.142160e-17
    outer loop
      vertex -2.052888e+01 2.873714e+00 3.552714e-15
      vertex -1.971171e+01 4.639985e+00 3.552714e-15
      vertex -1.971171e+01 4.639985e+00 9.500000e+00
    endloop
  endfacet
  facet normal 9.075754e-01 -4.198892e-01 -5.142160e-17
    outer loop
      vertex -2.052888e+01 2.873714e+00 9.500000e+00
      vertex -2.052888e+01 2.873714e+00 3.552714e-15
      vertex -1.971171e+01 4.639985e+00 9.500000e+00
    endloop
  endfacet
  facet normal 7.960926e-01 -6.051748e-01 -7.411253e-17
    outer loop
      vertex -1.971171e+01 4.639985e+00 3.552714e-15
      vertex -1.853396e+01 6.189295e+00 3.552714e-15
      vertex -1.853396e+01 6.189295e+00 9.500000e+00
    endloop
  endfacet
  facet normal 7.960926e-01 -6.051748e-01 -7.411253e-17
    outer loop
      vertex -1.971171e+01 4.639985e+00 9.500000e+00
      vertex -1.971171e+01 4.639985e+00 3.552714e-15
      vertex -1.853396e+01 6.189295e+00 9.500000e+00
    endloop
  endfacet
  facet normal 6.473867e-01 -7.621617e-01 -9.333788e-17
    outer loop
      vertex -1.705068e+01 7.449201e+00 3.552714e-15
      vertex -1.705068e+01 7.449201e+00 9.500000e+00
      vertex -1.853396e+01 6.189295e+00 3.552714e-15
    endloop
  endfacet
  facet normal 6.473867e-01 -7.621617e-01 -9.333788e-17
    outer loop
      vertex -1.853396e+01 6.189295e+00 3.552714e-15
      vertex -1.705068e+01 7.449201e+00 9.500000e+00
      vertex -1.853396e+01 6.189295e+00 9.500000e+00
    endloop
  endfacet
  facet normal 4.684081e-01 -8.835123e-01 -1.081990e-16
    outer loop
      vertex -1.533124e+01 8.360790e+00 3.552714e-15
      vertex -1.533124e+01 8.360790e+00 9.500000e+00
      vertex -1.705068e+01 7.449201e+00 3.552714e-15
    endloop
  endfacet
  facet normal 4.684081e-01 -8.835123e-01 -1.081990e-16
    outer loop
      vertex -1.705068e+01 7.449201e+00 3.552714e-15
      vertex -1.533124e+01 8.360790e+00 9.500000e+00
      vertex -1.705068e+01 7.449201e+00 9.500000e+00
    endloop
  endfacet
  facet normal 2.675290e-01 -9.635498e-01 -1.180008e-16
    outer loop
      vertex -1.345604e+01 8.881439e+00 3.552714e-15
      vertex -1.345604e+01 8.881439e+00 9.500000e+00
      vertex -1.533124e+01 8.360790e+00 3.552714e-15
    endloop
  endfacet
  facet normal 2.675290e-01 -9.635498e-01 -1.180008e-16
    outer loop
      vertex -1.533124e+01 8.360790e+00 3.552714e-15
      vertex -1.345604e+01 8.881439e+00 9.500000e+00
      vertex -1.533124e+01 8.360790e+00 9.500000e+00
    endloop
  endfacet
  facet normal 5.413902e-02 -9.985334e-01 -1.222851e-16
    outer loop
      vertex -1.151275e+01 8.986801e+00 3.552714e-15
      vertex -1.151275e+01 8.986801e+00 9.500000e+00
      vertex -1.345604e+01 8.881439e+00 3.552714e-15
    endloop
  endfacet
  facet normal 5.413902e-02 -9.985334e-01 -1.222851e-16
    outer loop
      vertex -1.345604e+01 8.881439e+00 3.552714e-15
      vertex -1.151275e+01 8.986801e+00 9.500000e+00
      vertex -1.345604e+01 8.881439e+00 9.500000e+00
    endloop
  endfacet
  facet normal -1.617819e-01 -9.868265e-01 -1.208514e-16
    outer loop
      vertex -9.592245e+00 8.671950e+00 3.552714e-15
      vertex -9.592245e+00 8.671950e+00 9.500000e+00
      vertex -1.151275e+01 8.986801e+00 3.552714e-15
    endloop
  endfacet
  facet normal -1.617819e-01 -9.868265e-01 -1.208514e-16
    outer loop
      vertex -1.151275e+01 8.986801e+00 3.552714e-15
      vertex -9.592245e+00 8.671950e+00 9.500000e+00
      vertex -1.151275e+01 8.986801e+00 9.500000e+00
    endloop
  endfacet
  facet normal -3.701379e-01 -9.289768e-01 -1.137668e-16
    outer loop
      vertex -7.784323e+00 7.951608e+00 3.552714e-15
      vertex -7.784323e+00 7.951608e+00 7.500000e+00
      vertex -9.592245e+00 8.671950e+00 3.552714e-15
    endloop
  endfacet
  facet normal -3.701379e-01 -9.289768e-01 -1.137668e-16
    outer loop
      vertex -9.592245e+00 8.671950e+00 3.552714e-15
      vertex -7.784323e+00 7.951608e+00 7.500000e+00
      vertex -8.860266e+00 8.380303e+00 7.500000e+00
    endloop
  endfacet
  facet normal -3.701379e-01 -9.289768e-01 -1.137668e-16
    outer loop
      vertex -9.592245e+00 8.671950e+00 3.552714e-15
      vertex -8.860266e+00 8.380303e+00 7.500000e+00
      vertex -8.860266e+00 8.380303e+00 9.500000e+00
    endloop
  endfacet
  facet normal -3.701379e-01 -9.289768e-01 -1.137668e-16
    outer loop
      vertex -9.592245e+00 8.671950e+00 3.552714e-15
      vertex -8.860266e+00 8.380303e+00 9.500000e+00
      vertex -9.592245e+00 8.671950e+00 9.500000e+00
    endloop
  endfacet
  facet normal -5.611870e-01 -8.276890e-01 -1.013627e-16
    outer loop
      vertex -6.173523e+00 6.859458e+00 3.552714e-15
      vertex -6.173523e+00 6.859458e+00 7.500000e+00
      vertex -7.784323e+00 7.951608e+00 3.552714e-15
    endloop
  endfacet
  facet normal -5.611870e-01 -8.276890e-01 -1.013627e-16
    outer loop
      vertex -7.784323e+00 7.951608e+00 3.552714e-15
      vertex -6.173523e+00 6.859458e+00 7.500000e+00
      vertex -7.784323e+00 7.951608e+00 7.500000e+00
    endloop
  endfacet
  facet normal -7.259950e-01 -6.877000e-01 -8.421896e-17
    outer loop
      vertex -4.835161e+00 5.446568e+00 3.552714e-15
      vertex -4.835161e+00 5.446568e+00 7.500000e+00
      vertex -6.173523e+00 6.859458e+00 3.552714e-15
    endloop
  endfacet
  facet normal -7.259950e-01 -6.877000e-01 -8.421896e-17
    outer loop
      vertex -6.173523e+00 6.859458e+00 3.552714e-15
      vertex -4.835161e+00 5.446568e+00 7.500000e+00
      vertex -6.173523e+00 6.859458e+00 7.500000e+00
    endloop
  endfacet
  facet normal -8.568571e-01 -5.155541e-01 -6.313716e-17
    outer loop
      vertex -3.831821e+00 3.779003e+00 3.552714e-15
      vertex -3.831821e+00 3.779003e+00 9.500000e+00
      vertex -4.835161e+00 5.446568e+00 3.552714e-15
    endloop
  endfacet
  facet normal -8.568571e-01 -5.155541e-01 -6.313716e-17
    outer loop
      vertex -4.636266e+00 5.116001e+00 7.500000e+00
      vertex -3.831821e+00 3.779003e+00 9.500000e+00
      vertex -4.636266e+00 5.116001e+00 9.500000e+00
    endloop
  endfacet
  facet normal -8.568571e-01 -5.155541e-01 -6.313716e-17
    outer loop
      vertex -4.835161e+00 5.446568e+00 3.552714e-15
      vertex -3.831821e+00 3.779003e+00 9.500000e+00
      vertex -4.636266e+00 5.116001e+00 7.500000e+00
    endloop
  endfacet
  facet normal -8.568571e-01 -5.155541e-01 -6.313716e-17
    outer loop
      vertex -4.835161e+00 5.446568e+00 7.500000e+00
      vertex -4.835161e+00 5.446568e+00 3.552714e-15
      vertex -4.636266e+00 5.116001e+00 7.500000e+00
    endloop
  endfacet
  facet normal -9.476534e-01 -3.193011e-01 -3.910311e-17
    outer loop
      vertex -3.210415e+00 1.934735e+00 1.776357e-15
      vertex -3.210415e+00 1.934735e+00 9.500000e+00
      vertex -3.831821e+00 3.779003e+00 3.552714e-15
    endloop
  endfacet
  facet normal -9.476534e-01 -3.193011e-01 -3.910311e-17
    outer loop
      vertex -3.831821e+00 3.779003e+00 3.552714e-15
      vertex -3.210415e+00 1.934735e+00 9.500000e+00
      vertex -3.831821e+00 3.779003e+00 9.500000e+00
    endloop
  endfacet
  facet normal -9.941379e-01 -1.081190e-01 -1.324076e-17
    outer loop
      vertex -3.000000e+00 3.576279e-07 1.776357e-15
      vertex -3.000000e+00 3.576279e-07 9.500000e+00
      vertex -3.210415e+00 1.934735e+00 1.776357e-15
    endloop
  endfacet
  facet normal -9.941379e-01 -1.081190e-01 -1.324076e-17
    outer loop
      vertex -3.210415e+00 1.934735e+00 1.776357e-15
      vertex -3.000000e+00 3.576279e-07 9.500000e+00
      vertex -3.210415e+00 1.934735e+00 9.500000e+00
    endloop
  endfacet
  facet normal -9.941379e-01 1.081190e-01 1.324076e-17
    outer loop
      vertex -3.000000e+00 3.576279e-07 1.776357e-15
      vertex -3.210415e+00 -1.934734e+00 1.776357e-15
      vertex -3.000000e+00 3.576279e-07 9.500000e+00
    endloop
  endfacet
  facet normal -9.941379e-01 1.081190e-01 1.324076e-17
    outer loop
      vertex -3.000000e+00 3.576279e-07 9.500000e+00
      vertex -3.210415e+00 -1.934734e+00 1.776357e-15
      vertex -3.210415e+00 -1.934734e+00 9.500000e+00
    endloop
  endfacet
  facet normal -9.476534e-01 3.193011e-01 3.910311e-17
    outer loop
      vertex -3.210415e+00 -1.934734e+00 1.776357e-15
      vertex -3.831821e+00 -3.779002e+00 1.776357e-15
      vertex -3.210415e+00 -1.934734e+00 9.500000e+00
    endloop
  endfacet
  facet normal -9.476534e-01 3.193011e-01 3.910311e-17
    outer loop
      vertex -3.210415e+00 -1.934734e+00 9.500000e+00
      vertex -3.831821e+00 -3.779002e+00 1.776357e-15
      vertex -3.831821e+00 -3.779002e+00 9.500000e+00
    endloop
  endfacet
  facet normal -8.568571e-01 5.155541e-01 6.313716e-17
    outer loop
      vertex -3.831821e+00 -3.779002e+00 1.776357e-15
      vertex -4.835161e+00 -5.446567e+00 1.776357e-15
      vertex -3.831821e+00 -3.779002e+00 9.500000e+00
    endloop
  endfacet
  facet normal -8.568571e-01 5.155541e-01 6.313716e-17
    outer loop
      vertex -3.831821e+00 -3.779002e+00 9.500000e+00
      vertex -4.835161e+00 -5.446567e+00 1.776357e-15
      vertex -4.835161e+00 -5.446567e+00 9.500000e+00
    endloop
  endfacet
  facet normal -7.259950e-01 6.877000e-01 8.421896e-17
    outer loop
      vertex -5.833027e+00 -6.500000e+00 9.500000e+00
      vertex -4.835161e+00 -5.446567e+00 9.500000e+00
      vertex -5.833027e+00 -6.500000e+00 7.500000e+00
    endloop
  endfacet
  facet normal -7.259950e-01 6.877000e-01 8.421896e-17
    outer loop
      vertex -5.833027e+00 -6.500000e+00 7.500000e+00
      vertex -4.835161e+00 -5.446567e+00 9.500000e+00
      vertex -4.835161e+00 -5.446567e+00 1.776357e-15
    endloop
  endfacet
  facet normal -7.259950e-01 6.877000e-01 8.421896e-17
    outer loop
      vertex -5.833027e+00 -6.500000e+00 7.500000e+00
      vertex -4.835161e+00 -5.446567e+00 1.776357e-15
      vertex -6.173523e+00 -6.859459e+00 1.776357e-15
    endloop
  endfacet
  facet normal -7.259950e-01 6.877000e-01 8.421896e-17
    outer loop
      vertex -5.833027e+00 -6.500000e+00 7.500000e+00
      vertex -6.173523e+00 -6.859459e+00 1.776357e-15
      vertex -6.173523e+00 -6.859459e+00 7.500000e+00
    endloop
  endfacet
  facet normal -5.611870e-01 8.276890e-01 1.013627e-16
    outer loop
      vertex -6.173523e+00 -6.859459e+00 1.776357e-15
      vertex -7.500000e+00 -7.758833e+00 7.500000e+00
      vertex -6.173523e+00 -6.859459e+00 7.500000e+00
    endloop
  endfacet
  facet normal -5.611870e-01 8.276890e-01 1.013627e-16
    outer loop
      vertex -7.784323e+00 -7.951608e+00 1.776357e-15
      vertex -7.500000e+00 -7.758833e+00 7.500000e+00
      vertex -6.173523e+00 -6.859459e+00 1.776357e-15
    endloop
  endfacet
  facet normal -5.611870e-01 8.276890e-01 1.013627e-16
    outer loop
      vertex -7.500000e+00 -7.758833e+00 9.500000e+00
      vertex -7.500000e+00 -7.758833e+00 7.500000e+00
      vertex -7.784323e+00 -7.951608e+00 1.776357e-15
    endloop
  endfacet
  facet normal -5.611870e-01 8.276890e-01 1.013627e-16
    outer loop
      vertex -7.784323e+00 -7.951608e+00 9.500000e+00
      vertex -7.500000e+00 -7.758833e+00 9.500000e+00
      vertex -7.784323e+00 -7.951608e+00 1.776357e-15
    endloop
  endfacet
  facet normal -3.701379e-01 9.289768e-01 1.137668e-16
    outer loop
      vertex -7.784323e+00 -7.951608e+00 9.500000e+00
      vertex -7.784323e+00 -7.951608e+00 1.776357e-15
      vertex -9.592245e+00 -8.671949e+00 1.776357e-15
    endloop
  endfacet
  facet normal -3.701379e-01 9.289768e-01 1.137668e-16
    outer loop
      vertex -9.592245e+00 -8.671949e+00 9.500000e+00
      vertex -7.784323e+00 -7.951608e+00 9.500000e+00
      vertex -9.592245e+00 -8.671949e+00 1.776357e-15
    endloop
  endfacet
  facet normal -1.617819e-01 9.868265e-01 1.208514e-16
    outer loop
      vertex -9.592245e+00 -8.671949e+00 9.500000e+00
      vertex -9.592245e+00 -8.671949e+00 1.776357e-15
      vertex -1.151275e+01 -8.986801e+00 1.776357e-15
    endloop
  endfacet
  facet normal -1.617819e-01 9.868265e-01 1.208514e-16
    outer loop
      vertex -1.151275e+01 -8.986801e+00 9.500000e+00
      vertex -9.592245e+00 -8.671949e+00 9.500000e+00
      vertex -1.151275e+01 -8.986801e+00 1.776357e-15
    endloop
  endfacet
  facet normal 5.413902e-02 9.985334e-01 1.222851e-16
    outer loop
      vertex -1.151275e+01 -8.986801e+00 9.500000e+00
      vertex -1.151275e+01 -8.986801e+00 1.776357e-15
      vertex -1.345604e+01 -8.881439e+00 1.776357e-15
    endloop
  endfacet
  facet normal 5.413902e-02 9.985334e-01 1.222851e-16
    outer loop
      vertex -1.345604e+01 -8.881439e+00 9.500000e+00
      vertex -1.151275e+01 -8.986801e+00 9.500000e+00
      vertex -1.345604e+01 -8.881439e+00 1.776357e-15
    endloop
  endfacet
  facet normal 2.675290e-01 9.635498e-01 1.180008e-16
    outer loop
      vertex -1.345604e+01 -8.881439e+00 9.500000e+00
      vertex -1.345604e+01 -8.881439e+00 1.776357e-15
      vertex -1.533124e+01 -8.360790e+00 1.776357e-15
    endloop
  endfacet
  facet normal 2.675290e-01 9.635498e-01 1.180008e-16
    outer loop
      vertex -1.533124e+01 -8.360790e+00 9.500000e+00
      vertex -1.345604e+01 -8.881439e+00 9.500000e+00
      vertex -1.533124e+01 -8.360790e+00 1.776357e-15
    endloop
  endfacet
  facet normal 4.684081e-01 8.835123e-01 1.081990e-16
    outer loop
      vertex -1.533124e+01 -8.360790e+00 9.500000e+00
      vertex -1.533124e+01 -8.360790e+00 1.776357e-15
      vertex -1.705068e+01 -7.449201e+00 1.776357e-15
    endloop
  endfacet
  facet normal 4.684081e-01 8.835123e-01 1.081990e-16
    outer loop
      vertex -1.705068e+01 -7.449201e+00 9.500000e+00
      vertex -1.533124e+01 -8.360790e+00 9.500000e+00
      vertex -1.705068e+01 -7.449201e+00 1.776357e-15
    endloop
  endfacet
  facet normal 6.473867e-01 7.621617e-01 9.333788e-17
    outer loop
      vertex -1.705068e+01 -7.449201e+00 9.500000e+00
      vertex -1.705068e+01 -7.449201e+00 1.776357e-15
      vertex -1.853396e+01 -6.189294e+00 1.776357e-15
    endloop
  endfacet
  facet normal 6.473867e-01 7.621617e-01 9.333788e-17
    outer loop
      vertex -1.853396e+01 -6.189294e+00 9.500000e+00
      vertex -1.705068e+01 -7.449201e+00 9.500000e+00
      vertex -1.853396e+01 -6.189294e+00 1.776357e-15
    endloop
  endfacet
  facet normal 7.960926e-01 6.051748e-01 7.411253e-17
    outer loop
      vertex -1.853396e+01 -6.189294e+00 9.500000e+00
      vertex -1.853396e+01 -6.189294e+00 1.776357e-15
      vertex -1.971171e+01 -4.639985e+00 1.776357e-15
    endloop
  endfacet
  facet normal 7.960926e-01 6.051748e-01 7.411253e-17
    outer loop
      vertex -1.971171e+01 -4.639985e+00 9.500000e+00
      vertex -1.853396e+01 -6.189294e+00 9.500000e+00
      vertex -1.971171e+01 -4.639985e+00 1.776357e-15
    endloop
  endfacet
  facet normal 9.075754e-01 4.198892e-01 5.142160e-17
    outer loop
      vertex -1.971171e+01 -4.639985e+00 9.500000e+00
      vertex -1.971171e+01 -4.639985e+00 1.776357e-15
      vertex -2.052888e+01 -2.873714e+00 1.776357e-15
    endloop
  endfacet
  facet normal 9.075754e-01 4.198892e-01 5.142160e-17
    outer loop
      vertex -2.052888e+01 -2.873714e+00 9.500000e+00
      vertex -1.971171e+01 -4.639985e+00 9.500000e+00
      vertex -2.052888e+01 -2.873714e+00 1.776357e-15
    endloop
  endfacet
  facet normal 9.766207e-01 2.149699e-01 2.632622e-17
    outer loop
      vertex -2.052888e+01 -2.873714e+00 9.500000e+00
      vertex -2.052888e+01 -2.873714e+00 1.776357e-15
      vertex -2.094724e+01 -9.730707e-01 1.776357e-15
    endloop
  endfacet
  facet normal 9.766207e-01 2.149699e-01 2.632622e-17
    outer loop
      vertex -2.094724e+01 -9.730707e-01 9.500000e+00
      vertex -2.052888e+01 -2.873714e+00 9.500000e+00
      vertex -2.094724e+01 -9.730707e-01 1.776357e-15
    endloop
  endfacet
  facet normal 9.766207e-01 -2.149699e-01 -2.632622e-17
    outer loop
      vertex 3.052758e+00 9.730715e-01 1.776357e-15
      vertex 3.471121e+00 2.873714e+00 3.552714e-15
      vertex 3.471121e+00 2.873714e+00 9.500000e+00
    endloop
  endfacet
  facet normal 9.766207e-01 -2.149699e-01 -2.632622e-17
    outer loop
      vertex 3.052758e+00 9.730715e-01 9.500000e+00
      vertex 3.052758e+00 9.730715e-01 1.776357e-15
      vertex 3.471121e+00 2.873714e+00 9.500000e+00
    endloop
  endfacet
  facet normal 1.000000e+00 0.000000e+00 0.000000e+00
    outer loop
      vertex 3.052758e+00 -9.730707e-01 9.500000e+00
      vertex 3.052758e+00 -9.730707e-01 1.776357e-15
      vertex 3.052758e+00 9.730715e-01 1.776357e-15
    endloop
  endfacet
  facet normal 1.000000e+00 0.000000e+00 0.000000e+00
    outer loop
      vertex 3.052758e+00 9.730715e-01 9.500000e+00
      vertex 3.052758e+00 -9.730707e-01 9.500000e+00
      vertex 3.052758e+00 9.730715e-01 1.776357e-15
    endloop
  endfacet
  facet normal 9.075754e-01 -4.198892e-01 -5.142160e-17
    outer loop
      vertex 3.471121e+00 2.873714e+00 3.552714e-15
      vertex 4.288285e+00 4.639985e+00 3.552714e-15
      vertex 4.288285e+00 4.639985e+00 9.500000e+00
    endloop
  endfacet
  facet normal 9.075754e-01 -4.198892e-01 -5.142160e-17
    outer loop
      vertex 3.471121e+00 2.873714e+00 9.500000e+00
      vertex 3.471121e+00 2.873714e+00 3.552714e-15
      vertex 4.288285e+00 4.639985e+00 9.500000e+00
    endloop
  endfacet
  facet normal 7.960926e-01 -6.051748e-01 -7.411253e-17
    outer loop
      vertex 4.288285e+00 4.639985e+00 3.552714e-15
      vertex 5.466042e+00 6.189295e+00 3.552714e-15
      vertex 5.466042e+00 6.189295e+00 7.500000e+00
    endloop
  endfacet
  facet normal 7.960926e-01 -6.051748e-01 -7.411253e-17
    outer loop
      vertex 4.650143e+00 5.116001e+00 9.500000e+00
      vertex 4.288285e+00 4.639985e+00 3.552714e-15
      vertex 4.650143e+00 5.116001e+00 7.500000e+00
    endloop
  endfacet
  facet normal 7.960926e-01 -6.051748e-01 -7.411253e-17
    outer loop
      vertex 4.650143e+00 5.116001e+00 7.500000e+00
      vertex 4.288285e+00 4.639985e+00 3.552714e-15
      vertex 5.466042e+00 6.189295e+00 7.500000e+00
    endloop
  endfacet
  facet normal 7.960926e-01 -6.051748e-01 -7.411253e-17
    outer loop
      vertex 4.288285e+00 4.639985e+00 9.500000e+00
      vertex 4.288285e+00 4.639985e+00 3.552714e-15
      vertex 4.650143e+00 5.116001e+00 9.500000e+00
    endloop
  endfacet
  facet normal 6.473867e-01 -7.621617e-01 -9.333788e-17
    outer loop
      vertex 6.949316e+00 7.449201e+00 3.552714e-15
      vertex 6.949316e+00 7.449201e+00 7.500000e+00
      vertex 5.466042e+00 6.189295e+00 3.552714e-15
    endloop
  endfacet
  facet normal 6.473867e-01 -7.621617e-01 -9.333788e-17
    outer loop
      vertex 5.466042e+00 6.189295e+00 3.552714e-15
      vertex 6.949316e+00 7.449201e+00 7.500000e+00
      vertex 5.466042e+00 6.189295e+00 7.500000e+00
    endloop
  endfacet
  facet normal 4.684081e-01 -8.835123e-01 -1.081990e-16
    outer loop
      vertex 8.668757e+00 8.360790e+00 3.552714e-15
      vertex 8.668757e+00 8.360790e+00 7.500000e+00
      vertex 6.949316e+00 7.449201e+00 3.552714e-15
    endloop
  endfacet
  facet normal 4.684081e-01 -8.835123e-01 -1.081990e-16
    outer loop
      vertex 6.949316e+00 7.449201e+00 3.552714e-15
      vertex 8.668757e+00 8.360790e+00 7.500000e+00
      vertex 6.949316e+00 7.449201e+00 7.500000e+00
    endloop
  endfacet
  facet normal 2.675290e-01 -9.635498e-01 -1.180008e-16
    outer loop
      vertex 1.054396e+01 8.881439e+00 3.552714e-15
      vertex 1.054396e+01 8.881439e+00 9.500000e+00
      vertex 8.668757e+00 8.360790e+00 3.552714e-15
    endloop
  endfacet
  facet normal 2.675290e-01 -9.635498e-01 -1.180008e-16
    outer loop
      vertex 8.856850e+00 8.413014e+00 7.500000e+00
      vertex 1.054396e+01 8.881439e+00 9.500000e+00
      vertex 8.856850e+00 8.413014e+00 9.500000e+00
    endloop
  endfacet
  facet normal 2.675290e-01 -9.635498e-01 -1.180008e-16
    outer loop
      vertex 8.668757e+00 8.360790e+00 3.552714e-15
      vertex 1.054396e+01 8.881439e+00 9.500000e+00
      vertex 8.856850e+00 8.413014e+00 7.500000e+00
    endloop
  endfacet
  facet normal 2.675290e-01 -9.635498e-01 -1.180008e-16
    outer loop
      vertex 8.668757e+00 8.360790e+00 7.500000e+00
      vertex 8.668757e+00 8.360790e+00 3.552714e-15
      vertex 8.856850e+00 8.413014e+00 7.500000e+00
    endloop
  endfacet
  facet normal 5.413902e-02 -9.985334e-01 -1.222851e-16
    outer loop
      vertex 1.248725e+01 8.986801e+00 3.552714e-15
      vertex 1.248725e+01 8.986801e+00 9.500000e+00
      vertex 1.054396e+01 8.881439e+00 3.552714e-15
    endloop
  endfacet
  facet normal 5.413902e-02 -9.985334e-01 -1.222851e-16
    outer loop
      vertex 1.054396e+01 8.881439e+00 3.552714e-15
      vertex 1.248725e+01 8.986801e+00 9.500000e+00
      vertex 1.054396e+01 8.881439e+00 9.500000e+00
    endloop
  endfacet
  facet normal -1.617819e-01 -9.868265e-01 -1.208514e-16
    outer loop
      vertex 1.440776e+01 8.671950e+00 3.552714e-15
      vertex 1.440776e+01 8.671950e+00 9.500000e+00
      vertex 1.248725e+01 8.986801e+00 3.552714e-15
    endloop
  endfacet
  facet normal -1.617819e-01 -9.868265e-01 -1.208514e-16
    outer loop
      vertex 1.248725e+01 8.986801e+00 3.552714e-15
      vertex 1.440776e+01 8.671950e+00 9.500000e+00
      vertex 1.248725e+01 8.986801e+00 9.500000e+00
    endloop
  endfacet
  facet normal -3.701379e-01 -9.289768e-01 -1.137668e-16
    outer loop
      vertex 1.621568e+01 7.951608e+00 3.552714e-15
      vertex 1.621568e+01 7.951608e+00 9.500000e+00
      vertex 1.440776e+01 8.671950e+00 3.552714e-15
    endloop
  endfacet
  facet normal -3.701379e-01 -9.289768e-01 -1.137668e-16
    outer loop
      vertex 1.440776e+01 8.671950e+00 3.552714e-15
      vertex 1.621568e+01 7.951608e+00 9.500000e+00
      vertex 1.440776e+01 8.671950e+00 9.500000e+00
    endloop
  endfacet
  facet normal -5.611870e-01 -8.276890e-01 -1.013627e-16
    outer loop
      vertex 1.782648e+01 6.859458e+00 3.552714e-15
      vertex 1.782648e+01 6.859458e+00 9.500000e+00
      vertex 1.621568e+01 7.951608e+00 3.552714e-15
    endloop
  endfacet
  facet normal -5.611870e-01 -8.276890e-01 -1.013627e-16
    outer loop
      vertex 1.621568e+01 7.951608e+00 3.552714e-15
      vertex 1.782648e+01 6.859458e+00 9.500000e+00
      vertex 1.621568e+01 7.951608e+00 9.500000e+00
    endloop
  endfacet
  facet normal -7.259950e-01 -6.877000e-01 -8.421896e-17
    outer loop
      vertex 1.916484e+01 5.446568e+00 3.552714e-15
      vertex 1.916484e+01 5.446568e+00 9.500000e+00
      vertex 1.782648e+01 6.859458e+00 3.552714e-15
    endloop
  endfacet
  facet normal -7.259950e-01 -6.877000e-01 -8.421896e-17
    outer loop
      vertex 1.782648e+01 6.859458e+00 3.552714e-15
      vertex 1.916484e+01 5.446568e+00 9.500000e+00
      vertex 1.782648e+01 6.859458e+00 9.500000e+00
    endloop
  endfacet
  facet normal -8.568571e-01 -5.155541e-01 -6.313716e-17
    outer loop
      vertex 2.016818e+01 3.779003e+00 3.552714e-15
      vertex 2.016818e+01 3.779003e+00 9.500000e+00
      vertex 1.916484e+01 5.446568e+00 3.552714e-15
    endloop
  endfacet
  facet normal -8.568571e-01 -5.155541e-01 -6.313716e-17
    outer loop
      vertex 1.916484e+01 5.446568e+00 3.552714e-15
      vertex 2.016818e+01 3.779003e+00 9.500000e+00
      vertex 1.916484e+01 5.446568e+00 9.500000e+00
    endloop
  endfacet
  facet normal -9.476534e-01 -3.193011e-01 -3.910311e-17
    outer loop
      vertex 2.078959e+01 1.934735e+00 1.776357e-15
      vertex 2.078959e+01 1.934735e+00 9.500000e+00
      vertex 2.016818e+01 3.779003e+00 3.552714e-15
    endloop
  endfacet
  facet normal -9.476534e-01 -3.193011e-01 -3.910311e-17
    outer loop
      vertex 2.016818e+01 3.779003e+00 3.552714e-15
      vertex 2.078959e+01 1.934735e+00 9.500000e+00
      vertex 2.016818e+01 3.779003e+00 9.500000e+00
    endloop
  endfacet
  facet normal -9.941379e-01 -1.081190e-01 -1.324076e-17
    outer loop
      vertex 2.100000e+01 3.576279e-07 1.776357e-15
      vertex 2.100000e+01 3.576279e-07 9.500000e+00
      vertex 2.078959e+01 1.934735e+00 1.776357e-15
    endloop
  endfacet
  facet normal -9.941379e-01 -1.081190e-01 -1.324076e-17
    outer loop
      vertex 2.078959e+01 1.934735e+00 1.776357e-15
      vertex 2.100000e+01 3.576279e-07 9.500000e+00
      vertex 2.078959e+01 1.934735e+00 9.500000e+00
    endloop
  endfacet
  facet normal -9.941379e-01 1.081190e-01 1.324076e-17
    outer loop
      vertex 2.100000e+01 3.576279e-07 1.776357e-15
      vertex 2.078959e+01 -1.934734e+00 1.776357e-15
      vertex 2.100000e+01 3.576279e-07 9.500000e+00
    endloop
  endfacet
  facet normal -9.941379e-01 1.081190e-01 1.324076e-17
    outer loop
      vertex 2.100000e+01 3.576279e-07 9.500000e+00
      vertex 2.078959e+01 -1.934734e+00 1.776357e-15
      vertex 2.078959e+01 -1.934734e+00 9.500000e+00
    endloop
  endfacet
  facet normal -9.476534e-01 3.193011e-01 3.910311e-17
    outer loop
      vertex 2.078959e+01 -1.934734e+00 1.776357e-15
      vertex 2.016818e+01 -3.779002e+00 1.776357e-15
      vertex 2.078959e+01 -1.934734e+00 9.500000e+00
    endloop
  endfacet
  facet normal -9.476534e-01 3.193011e-01 3.910311e-17
    outer loop
      vertex 2.078959e+01 -1.934734e+00 9.500000e+00
      vertex 2.016818e+01 -3.779002e+00 1.776357e-15
      vertex 2.016818e+01 -3.779002e+00 9.500000e+00
    endloop
  endfacet
  facet normal -8.568571e-01 5.155541e-01 6.313716e-17
    outer loop
      vertex 2.016818e+01 -3.779002e+00 1.776357e-15
      vertex 1.916484e+01 -5.446567e+00 1.776357e-15
      vertex 2.016818e+01 -3.779002e+00 9.500000e+00
    endloop
  endfacet
  facet normal -8.568571e-01 5.155541e-01 6.313716e-17
    outer loop
      vertex 2.016818e+01 -3.779002e+00 9.500000e+00
      vertex 1.916484e+01 -5.446567e+00 1.776357e-15
      vertex 1.916484e+01 -5.446567e+00 9.500000e+00
    endloop
  endfacet
  facet normal -7.259950e-01 6.877000e-01 8.421896e-17
    outer loop
      vertex 1.916484e+01 -5.446567e+00 1.776357e-15
      vertex 1.782648e+01 -6.859459e+00 1.776357e-15
      vertex 1.916484e+01 -5.446567e+00 9.500000e+00
    endloop
  endfacet
  facet normal -7.259950e-01 6.877000e-01 8.421896e-17
    outer loop
      vertex 1.916484e+01 -5.446567e+00 9.500000e+00
      vertex 1.782648e+01 -6.859459e+00 1.776357e-15
      vertex 1.782648e+01 -6.859459e+00 9.500000e+00
    endloop
  endfacet
  facet normal -5.611870e-01 8.276890e-01 1.013627e-16
    outer loop
      vertex 1.782648e+01 -6.859459e+00 9.500000e+00
      vertex 1.782648e+01 -6.859459e+00 1.776357e-15
      vertex 1.621568e+01 -7.951608e+00 1.776357e-15
    endloop
  endfacet
  facet normal -5.611870e-01 8.276890e-01 1.013627e-16
    outer loop
      vertex 1.621568e+01 -7.951608e+00 9.500000e+00
      vertex 1.782648e+01 -6.859459e+00 9.500000e+00
      vertex 1.621568e+01 -7.951608e+00 1.776357e-15
    endloop
  endfacet
  facet normal -3.701379e-01 9.289768e-01 1.137668e-16
    outer loop
      vertex 1.621568e+01 -7.951608e+00 9.500000e+00
      vertex 1.621568e+01 -7.951608e+00 1.776357e-15
      vertex 1.440776e+01 -8.671949e+00 1.776357e-15
    endloop
  endfacet
  facet normal -3.701379e-01 9.289768e-01 1.137668e-16
    outer loop
      vertex 1.440776e+01 -8.671949e+00 9.500000e+00
      vertex 1.621568e+01 -7.951608e+00 9.500000e+00
      vertex 1.440776e+01 -8.671949e+00 1.776357e-15
    endloop
  endfacet
  facet normal -1.617819e-01 9.868265e-01 1.208514e-16
    outer loop
      vertex 1.440776e+01 -8.671949e+00 9.500000e+00
      vertex 1.440776e+01 -8.671949e+00 1.776357e-15
      vertex 1.248725e+01 -8.986801e+00 1.776357e-15
    endloop
  endfacet
  facet normal -1.617819e-01 9.868265e-01 1.208514e-16
    outer loop
      vertex 1.248725e+01 -8.986801e+00 9.500000e+00
      vertex 1.440776e+01 -8.671949e+00 9.500000e+00
      vertex 1.248725e+01 -8.986801e+00 1.776357e-15
    endloop
  endfacet
  facet normal 5.413902e-02 9.985334e-01 1.222851e-16
    outer loop
      vertex 1.248725e+01 -8.986801e+00 9.500000e+00
      vertex 1.248725e+01 -8.986801e+00 1.776357e-15
      vertex 1.054396e+01 -8.881439e+00 1.776357e-15
    endloop
  endfacet
  facet normal 5.413902e-02 9.985334e-01 1.222851e-16
    outer loop
      vertex 1.054396e+01 -8.881439e+00 9.500000e+00
      vertex 1.248725e+01 -8.986801e+00 9.500000e+00
      vertex 1.054396e+01 -8.881439e+00 1.776357e-15
    endloop
  endfacet
  facet normal 2.675290e-01 9.635498e-01 1.180008e-16
    outer loop
      vertex 1.054396e+01 -8.881439e+00 9.500000e+00
      vertex 1.054396e+01 -8.881439e+00 1.776357e-15
      vertex 8.668757e+00 -8.360790e+00 1.776357e-15
    endloop
  endfacet
  facet normal 2.675290e-01 9.635498e-01 1.180008e-16
    outer loop
      vertex 8.668757e+00 -8.360790e+00 9.500000e+00
      vertex 1.054396e+01 -8.881439e+00 9.500000e+00
      vertex 8.668757e+00 -8.360790e+00 1.776357e-15
    endloop
  endfacet
  facet normal 4.684081e-01 8.835123e-01 1.081990e-16
    outer loop
      vertex 7.500000e+00 -7.741155e+00 7.500000e+00
      vertex 7.500000e+00 -7.741155e+00 9.500000e+00
      vertex 8.668757e+00 -8.360790e+00 9.500000e+00
    endloop
  endfacet
  facet normal 4.684081e-01 8.835123e-01 1.081990e-16
    outer loop
      vertex 6.949316e+00 -7.449201e+00 1.776357e-15
      vertex 7.500000e+00 -7.741155e+00 7.500000e+00
      vertex 8.668757e+00 -8.360790e+00 1.776357e-15
    endloop
  endfacet
  facet normal 4.684081e-01 8.835123e-01 1.081990e-16
    outer loop
      vertex 8.668757e+00 -8.360790e+00 1.776357e-15
      vertex 7.500000e+00 -7.741155e+00 7.500000e+00
      vertex 8.668757e+00 -8.360790e+00 9.500000e+00
    endloop
  endfacet
  facet normal 4.684081e-01 8.835123e-01 1.081990e-16
    outer loop
      vertex 6.949316e+00 -7.449201e+00 7.500000e+00
      vertex 7.500000e+00 -7.741155e+00 7.500000e+00
      vertex 6.949316e+00 -7.449201e+00 1.776357e-15
    endloop
  endfacet
  facet normal 6.473867e-01 7.621617e-01 9.333788e-17
    outer loop
      vertex 6.949316e+00 -7.449201e+00 1.776357e-15
      vertex 5.831831e+00 -6.500000e+00 7.500000e+00
      vertex 6.949316e+00 -7.449201e+00 7.500000e+00
    endloop
  endfacet
  facet normal 6.473867e-01 7.621617e-01 9.333788e-17
    outer loop
      vertex 5.466042e+00 -6.189294e+00 1.776357e-15
      vertex 5.831831e+00 -6.500000e+00 7.500000e+00
      vertex 6.949316e+00 -7.449201e+00 1.776357e-15
    endloop
  endfacet
  facet normal 6.473867e-01 7.621617e-01 9.333788e-17
    outer loop
      vertex 5.831831e+00 -6.500000e+00 9.500000e+00
      vertex 5.831831e+00 -6.500000e+00 7.500000e+00
      vertex 5.466042e+00 -6.189294e+00 1.776357e-15
    endloop
  endfacet
  facet normal 6.473867e-01 7.621617e-01 9.333788e-17
    outer loop
      vertex 5.466042e+00 -6.189294e+00 9.500000e+00
      vertex 5.831831e+00 -6.500000e+00 9.500000e+00
      vertex 5.466042e+00 -6.189294e+00 1.776357e-15
    endloop
  endfacet
  facet normal 7.960926e-01 6.051748e-01 7.411253e-17
    outer loop
      vertex 5.466042e+00 -6.189294e+00 9.500000e+00
      vertex 5.466042e+00 -6.189294e+00 1.776357e-15
      vertex 4.288285e+00 -4.639985e+00 1.776357e-15
    endloop
  endfacet
  facet normal 7.960926e-01 6.051748e-01 7.411253e-17
    outer loop
      vertex 4.288285e+00 -4.639985e+00 9.500000e+00
      vertex 5.466042e+00 -6.189294e+00 9.500000e+00
      vertex 4.288285e+00 -4.639985e+00 1.776357e-15
    endloop
  endfacet
  facet normal 9.075754e-01 4.198892e-01 5.142160e-17
    outer loop
      vertex 4.288285e+00 -4.639985e+00 9.500000e+00
      vertex 4.288285e+00 -4.639985e+00 1.776357e-15
      vertex 3.471121e+00 -2.873714e+00 1.776357e-15
    endloop
  endfacet
  facet normal 9.075754e-01 4.198892e-01 5.142160e-17
    outer loop
      vertex 3.471121e+00 -2.873714e+00 9.500000e+00
      vertex 4.288285e+00 -4.639985e+00 9.500000e+00
      vertex 3.471121e+00 -2.873714e+00 1.776357e-15
    endloop
  endfacet
  facet normal 9.766207e-01 2.149699e-01 2.632622e-17
    outer loop
      vertex 3.471121e+00 -2.873714e+00 9.500000e+00
      vertex 3.471121e+00 -2.873714e+00 1.776357e-15
      vertex 3.052758e+00 -9.730707e-01 1.776357e-15
    endloop
  endfacet
  facet normal 9.766207e-01 2.149699e-01 2.632622e-17
    outer loop
      vertex 3.052758e+00 -9.730707e-01 9.500000e+00
      vertex 3.471121e+00 -2.873714e+00 9.500000e+00
      vertex 3.052758e+00 -9.730707e-01 1.776357e-15
    endloop
  endfacet
  facet normal 9.876048e-01 1.922218e-17 -1.569610e-01
    outer loop
      vertex -1.618700e+01 1.229546e+01 7.711000e+00
      vertex -1.618700e+01 1.180000e+01 7.711000e+00
      vertex -1.630000e+01 1.180000e+01 7.000000e+00
    endloop
  endfacet
  facet normal 9.876048e-01 1.922218e-17 -1.569610e-01
    outer loop
      vertex -1.630000e+01 1.229546e+01 7.000000e+00
      vertex -1.618700e+01 1.229546e+01 7.711000e+00
      vertex -1.630000e+01 1.180000e+01 7.000000e+00
    endloop
  endfacet
  facet normal 8.913469e-01 5.551593e-17 -4.533219e-01
    outer loop
      vertex -1.586100e+01 1.229546e+01 8.352000e+00
      vertex -1.586100e+01 1.180000e+01 8.352000e+00
      vertex -1.618700e+01 1.180000e+01 7.711000e+00
    endloop
  endfacet
  facet normal 8.913469e-01 5.551593e-17 -4.533219e-01
    outer loop
      vertex -1.618700e+01 1.229546e+01 7.711000e+00
      vertex -1.586100e+01 1.229546e+01 8.352000e+00
      vertex -1.618700e+01 1.180000e+01 7.711000e+00
    endloop
  endfacet
  facet normal 7.071068e-01 8.659561e-17 -7.071068e-01
    outer loop
      vertex -1.535200e+01 1.229546e+01 8.861000e+00
      vertex -1.535200e+01 1.180000e+01 8.861000e+00
      vertex -1.586100e+01 1.180000e+01 8.352000e+00
    endloop
  endfacet
  facet normal 7.071068e-01 8.659561e-17 -7.071068e-01
    outer loop
      vertex -1.586100e+01 1.229546e+01 8.352000e+00
      vertex -1.535200e+01 1.229546e+01 8.861000e+00
      vertex -1.586100e+01 1.180000e+01 8.352000e+00
    endloop
  endfacet
  facet normal 4.533219e-01 1.091585e-16 -8.913469e-01
    outer loop
      vertex -1.471100e+01 1.229546e+01 9.187000e+00
      vertex -1.471100e+01 1.180000e+01 9.187000e+00
      vertex -1.535200e+01 1.180000e+01 8.861000e+00
    endloop
  endfacet
  facet normal 4.533219e-01 1.091585e-16 -8.913469e-01
    outer loop
      vertex -1.535200e+01 1.229546e+01 8.861000e+00
      vertex -1.471100e+01 1.229546e+01 9.187000e+00
      vertex -1.535200e+01 1.180000e+01 8.861000e+00
    endloop
  endfacet
  facet normal 1.569610e-01 1.209467e-16 -9.876048e-01
    outer loop
      vertex -1.400000e+01 1.229546e+01 9.300000e+00
      vertex -1.400000e+01 1.180000e+01 9.300000e+00
      vertex -1.471100e+01 1.180000e+01 9.187000e+00
    endloop
  endfacet
  facet normal 1.569610e-01 1.209467e-16 -9.876048e-01
    outer loop
      vertex -1.471100e+01 1.229546e+01 9.187000e+00
      vertex -1.400000e+01 1.229546e+01 9.300000e+00
      vertex -1.471100e+01 1.180000e+01 9.187000e+00
    endloop
  endfacet
  facet normal 7.174799e-02 1.221491e-16 -9.974228e-01
    outer loop
      vertex -2.114000e+00 1.229546e+01 1.015500e+01
      vertex -2.114000e+00 1.180000e+01 1.015500e+01
      vertex -1.400000e+01 1.180000e+01 9.300000e+00
    endloop
  endfacet
  facet normal 7.174799e-02 1.221491e-16 -9.974228e-01
    outer loop
      vertex -1.400000e+01 1.229546e+01 9.300000e+00
      vertex -2.114000e+00 1.229546e+01 1.015500e+01
      vertex -1.400000e+01 1.180000e+01 9.300000e+00
    endloop
  endfacet
  facet normal 6.060429e-01 9.741232e-17 -7.954319e-01
    outer loop
      vertex -2.093000e+00 1.229546e+01 1.017100e+01
      vertex -2.093000e+00 1.180000e+01 1.017100e+01
      vertex -2.114000e+00 1.180000e+01 1.015500e+01
    endloop
  endfacet
  facet normal 6.060429e-01 9.741232e-17 -7.954319e-01
    outer loop
      vertex -2.114000e+00 1.229546e+01 1.015500e+01
      vertex -2.093000e+00 1.229546e+01 1.017100e+01
      vertex -2.114000e+00 1.180000e+01 1.015500e+01
    endloop
  endfacet
  facet normal 5.140639e-01 1.050443e-16 -8.577518e-01
    outer loop
      vertex -1.801000e+00 1.229546e+01 1.034600e+01
      vertex -1.801000e+00 1.180000e+01 1.034600e+01
      vertex -2.093000e+00 1.180000e+01 1.017100e+01
    endloop
  endfacet
  facet normal 5.140639e-01 1.050443e-16 -8.577518e-01
    outer loop
      vertex -2.093000e+00 1.229546e+01 1.017100e+01
      vertex -1.801000e+00 1.229546e+01 1.034600e+01
      vertex -2.093000e+00 1.180000e+01 1.017100e+01
    endloop
  endfacet
  facet normal 4.331121e-01 1.103823e-16 -9.013401e-01
    outer loop
      vertex -1.493000e+00 1.229546e+01 1.049400e+01
      vertex -1.493000e+00 1.180000e+01 1.049400e+01
      vertex -1.801000e+00 1.180000e+01 1.034600e+01
    endloop
  endfacet
  facet normal 4.331121e-01 1.103823e-16 -9.013401e-01
    outer loop
      vertex -1.801000e+00 1.229546e+01 1.034600e+01
      vertex -1.493000e+00 1.229546e+01 1.049400e+01
      vertex -1.801000e+00 1.180000e+01 1.034600e+01
    endloop
  endfacet
  facet normal 3.520880e-01 1.146229e-16 -9.359669e-01
    outer loop
      vertex -1.173999e+00 1.229546e+01 1.061400e+01
      vertex -1.173999e+00 1.180000e+01 1.061400e+01
      vertex -1.493000e+00 1.180000e+01 1.049400e+01
    endloop
  endfacet
  facet normal 3.520880e-01 1.146229e-16 -9.359669e-01
    outer loop
      vertex -1.493000e+00 1.229546e+01 1.049400e+01
      vertex -1.173999e+00 1.229546e+01 1.061400e+01
      vertex -1.493000e+00 1.180000e+01 1.049400e+01
    endloop
  endfacet
  facet normal 2.673410e-01 1.180072e-16 -9.636020e-01
    outer loop
      vertex -8.460003e-01 1.229546e+01 1.070500e+01
      vertex -8.460003e-01 1.180000e+01 1.070500e+01
      vertex -1.173999e+00 1.180000e+01 1.061400e+01
    endloop
  endfacet
  facet normal 2.673410e-01 1.180072e-16 -9.636020e-01
    outer loop
      vertex -1.173999e+00 1.229546e+01 1.061400e+01
      vertex -8.460003e-01 1.229546e+01 1.070500e+01
      vertex -1.173999e+00 1.180000e+01 1.061400e+01
    endloop
  endfacet
  facet normal 1.786279e-01 1.204950e-16 -9.839167e-01
    outer loop
      vertex -5.099999e-01 1.229546e+01 1.076600e+01
      vertex -5.099999e-01 1.180000e+01 1.076600e+01
      vertex -8.460003e-01 1.180000e+01 1.070500e+01
    endloop
  endfacet
  facet normal 1.786279e-01 1.204950e-16 -9.839167e-01
    outer loop
      vertex -8.460003e-01 1.229546e+01 1.070500e+01
      vertex -5.099999e-01 1.229546e+01 1.076600e+01
      vertex -8.460003e-01 1.180000e+01 1.070500e+01
    endloop
  endfacet
  facet normal 8.789399e-02 1.219907e-16 -9.961299e-01
    outer loop
      vertex -1.699997e-01 1.229546e+01 1.079600e+01
      vertex -1.699997e-01 1.180000e+01 1.079600e+01
      vertex -5.099999e-01 1.180000e+01 1.076600e+01
    endloop
  endfacet
  facet normal 8.789399e-02 1.219907e-16 -9.961299e-01
    outer loop
      vertex -5.099999e-01 1.229546e+01 1.076600e+01
      vertex -1.699997e-01 1.229546e+01 1.079600e+01
      vertex -5.099999e-01 1.180000e+01 1.076600e+01
    endloop
  endfacet
  facet normal 0.000000e+00 1.224647e-16 -1.000000e+00
    outer loop
      vertex 1.700004e-01 1.229546e+01 1.079600e+01
      vertex 1.700004e-01 1.180000e+01 1.079600e+01
      vertex -1.699997e-01 1.180000e+01 1.079600e+01
    endloop
  endfacet
  facet normal 0.000000e+00 1.224647e-16 -1.000000e+00
    outer loop
      vertex -1.699997e-01 1.229546e+01 1.079600e+01
      vertex 1.700004e-01 1.229546e+01 1.079600e+01
      vertex -1.699997e-01 1.180000e+01 1.079600e+01
    endloop
  endfacet
  facet normal -8.789399e-02 1.219907e-16 -9.961299e-01
    outer loop
      vertex 5.100006e-01 1.229546e+01 1.076600e+01
      vertex 5.100006e-01 1.180000e+01 1.076600e+01
      vertex 1.700004e-01 1.180000e+01 1.079600e+01
    endloop
  endfacet
  facet normal -8.789399e-02 1.219907e-16 -9.961299e-01
    outer loop
      vertex 1.700004e-01 1.229546e+01 1.079600e+01
      vertex 5.100006e-01 1.229546e+01 1.076600e+01
      vertex 1.700004e-01 1.180000e+01 1.079600e+01
    endloop
  endfacet
  facet normal -1.786279e-01 1.204950e-16 -9.839167e-01
    outer loop
      vertex 8.460010e-01 1.229546e+01 1.070500e+01
      vertex 8.460010e-01 1.180000e+01 1.070500e+01
      vertex 5.100006e-01 1.180000e+01 1.076600e+01
    endloop
  endfacet
  facet normal -1.786279e-01 1.204950e-16 -9.839167e-01
    outer loop
      vertex 5.100006e-01 1.229546e+01 1.076600e+01
      vertex 8.460010e-01 1.229546e+01 1.070500e+01
      vertex 5.100006e-01 1.180000e+01 1.076600e+01
    endloop
  endfacet
  facet normal -2.673410e-01 1.180072e-16 -9.636020e-01
    outer loop
      vertex 1.174000e+00 1.229546e+01 1.061400e+01
      vertex 1.174000e+00 1.180000e+01 1.061400e+01
      vertex 8.460010e-01 1.180000e+01 1.070500e+01
    endloop
  endfacet
  facet normal -2.673410e-01 1.180072e-16 -9.636020e-01
    outer loop
      vertex 8.460010e-01 1.229546e+01 1.070500e+01
      vertex 1.174000e+00 1.229546e+01 1.061400e+01
      vertex 8.460010e-01 1.180000e+01 1.070500e+01
    endloop
  endfacet
  facet normal -3.520880e-01 1.146229e-16 -9.359669e-01
    outer loop
      vertex 1.493000e+00 1.229546e+01 1.049400e+01
      vertex 1.493000e+00 1.180000e+01 1.049400e+01
      vertex 1.174000e+00 1.180000e+01 1.061400e+01
    endloop
  endfacet
  facet normal -3.520880e-01 1.146229e-16 -9.359669e-01
    outer loop
      vertex 1.174000e+00 1.229546e+01 1.061400e+01
      vertex 1.493000e+00 1.229546e+01 1.049400e+01
      vertex 1.174000e+00 1.180000e+01 1.061400e+01
    endloop
  endfacet
  facet normal -4.331121e-01 1.103823e-16 -9.013401e-01
    outer loop
      vertex 1.801001e+00 1.229546e+01 1.034600e+01
      vertex 1.801001e+00 1.180000e+01 1.034600e+01
      vertex 1.493000e+00 1.180000e+01 1.049400e+01
    endloop
  endfacet
  facet normal -4.331121e-01 1.103823e-16 -9.013401e-01
    outer loop
      vertex 1.493000e+00 1.229546e+01 1.049400e+01
      vertex 1.801001e+00 1.229546e+01 1.034600e+01
      vertex 1.493000e+00 1.180000e+01 1.049400e+01
    endloop
  endfacet
  facet normal -5.140639e-01 1.050443e-16 -8.577518e-01
    outer loop
      vertex 2.093001e+00 1.229546e+01 1.017100e+01
      vertex 2.093001e+00 1.180000e+01 1.017100e+01
      vertex 1.801001e+00 1.180000e+01 1.034600e+01
    endloop
  endfacet
  facet normal -5.140639e-01 1.050443e-16 -8.577518e-01
    outer loop
      vertex 1.801001e+00 1.229546e+01 1.034600e+01
      vertex 2.093001e+00 1.229546e+01 1.017100e+01
      vertex 1.801001e+00 1.180000e+01 1.034600e+01
    endloop
  endfacet
  facet normal -6.060429e-01 9.741232e-17 -7.954319e-01
    outer loop
      vertex 2.114001e+00 1.229546e+01 1.015500e+01
      vertex 2.114001e+00 1.180000e+01 1.015500e+01
      vertex 2.093001e+00 1.180000e+01 1.017100e+01
    endloop
  endfacet
  facet normal -6.060429e-01 9.741232e-17 -7.954319e-01
    outer loop
      vertex 2.093001e+00 1.229546e+01 1.017100e+01
      vertex 2.114001e+00 1.229546e+01 1.015500e+01
      vertex 2.093001e+00 1.180000e+01 1.017100e+01
    endloop
  endfacet
  facet normal -7.174799e-02 1.221491e-16 -9.974228e-01
    outer loop
      vertex 1.400000e+01 1.229546e+01 9.300000e+00
      vertex 1.400000e+01 1.180000e+01 9.300000e+00
      vertex 2.114001e+00 1.180000e+01 1.015500e+01
    endloop
  endfacet
  facet normal -7.174799e-02 1.221491e-16 -9.974228e-01
    outer loop
      vertex 2.114001e+00 1.229546e+01 1.015500e+01
      vertex 1.400000e+01 1.229546e+01 9.300000e+00
      vertex 2.114001e+00 1.180000e+01 1.015500e+01
    endloop
  endfacet
  facet normal -1.569610e-01 1.209467e-16 -9.876048e-01
    outer loop
      vertex 1.471100e+01 1.229546e+01 9.187000e+00
      vertex 1.471100e+01 1.180000e+01 9.187000e+00
      vertex 1.400000e+01 1.180000e+01 9.300000e+00
    endloop
  endfacet
  facet normal -1.569610e-01 1.209467e-16 -9.876048e-01
    outer loop
      vertex 1.400000e+01 1.229546e+01 9.300000e+00
      vertex 1.471100e+01 1.229546e+01 9.187000e+00
      vertex 1.400000e+01 1.180000e+01 9.300000e+00
    endloop
  endfacet
  facet normal -4.533219e-01 1.091585e-16 -8.913469e-01
    outer loop
      vertex 1.535200e+01 1.229546e+01 8.861000e+00
      vertex 1.535200e+01 1.180000e+01 8.861000e+00
      vertex 1.471100e+01 1.180000e+01 9.187000e+00
    endloop
  endfacet
  facet normal -4.533219e-01 1.091585e-16 -8.913469e-01
    outer loop
      vertex 1.471100e+01 1.229546e+01 9.187000e+00
      vertex 1.535200e+01 1.229546e+01 8.861000e+00
      vertex 1.471100e+01 1.180000e+01 9.187000e+00
    endloop
  endfacet
  facet normal -7.071068e-01 8.659561e-17 -7.071068e-01
    outer loop
      vertex 1.586100e+01 1.229546e+01 8.352000e+00
      vertex 1.586100e+01 1.180000e+01 8.352000e+00
      vertex 1.535200e+01 1.180000e+01 8.861000e+00
    endloop
  endfacet
  facet normal -7.071068e-01 8.659561e-17 -7.071068e-01
    outer loop
      vertex 1.535200e+01 1.229546e+01 8.861000e+00
      vertex 1.586100e+01 1.229546e+01 8.352000e+00
      vertex 1.535200e+01 1.180000e+01 8.861000e+00
    endloop
  endfacet
  facet normal -8.913469e-01 5.551593e-17 -4.533219e-01
    outer loop
      vertex 1.618700e+01 1.180000e+01 7.711000e+00
      vertex 1.586100e+01 1.180000e+01 8.352000e+00
      vertex 1.618700e+01 1.229546e+01 7.711000e+00
    endloop
  endfacet
  facet normal -8.913469e-01 5.551593e-17 -4.533219e-01
    outer loop
      vertex 1.618700e+01 1.229546e+01 7.711000e+00
      vertex 1.586100e+01 1.180000e+01 8.352000e+00
      vertex 1.586100e+01 1.229546e+01 8.352000e+00
    endloop
  endfacet
  facet normal -9.876048e-01 1.922218e-17 -1.569610e-01
    outer loop
      vertex 1.630000e+01 1.180000e+01 7.000000e+00
      vertex 1.618700e+01 1.180000e+01 7.711000e+00
      vertex 1.630000e+01 1.229546e+01 7.000000e+00
    endloop
  endfacet
  facet normal -9.876048e-01 1.922218e-17 -1.569610e-01
    outer loop
      vertex 1.630000e+01 1.229546e+01 7.000000e+00
      vertex 1.618700e+01 1.180000e+01 7.711000e+00
      vertex 1.618700e+01 1.229546e+01 7.711000e+00
    endloop
  endfacet
  facet normal -9.876048e-01 -1.922218e-17 1.569610e-01
    outer loop
      vertex 1.630000e+01 1.180000e+01 7.000000e+00
      vertex 1.630000e+01 1.229546e+01 7.000000e+00
      vertex 1.618700e+01 1.180000e+01 6.289000e+00
    endloop
  endfacet
  facet normal -9.876048e-01 -1.922218e-17 1.569610e-01
    outer loop
      vertex 1.618700e+01 1.180000e+01 6.289000e+00
      vertex 1.630000e+01 1.229546e+01 7.000000e+00
      vertex 1.618700e+01 1.229546e+01 6.289000e+00
    endloop
  endfacet
  facet normal -8.913469e-01 -5.551593e-17 4.533219e-01
    outer loop
      vertex 1.618700e+01 1.180000e+01 6.289000e+00
      vertex 1.618700e+01 1.229546e+01 6.289000e+00
      vertex 1.586100e+01 1.180000e+01 5.648000e+00
    endloop
  endfacet
  facet normal -8.913469e-01 -5.551593e-17 4.533219e-01
    outer loop
      vertex 1.586100e+01 1.180000e+01 5.648000e+00
      vertex 1.618700e+01 1.229546e+01 6.289000e+00
      vertex 1.586100e+01 1.229546e+01 5.648000e+00
    endloop
  endfacet
  facet normal -7.071068e-01 -8.659561e-17 7.071068e-01
    outer loop
      vertex 1.586100e+01 1.180000e+01 5.648000e+00
      vertex 1.586100e+01 1.229546e+01 5.648000e+00
      vertex 1.535200e+01 1.180000e+01 5.139000e+00
    endloop
  endfacet
  facet normal -7.071068e-01 -8.659561e-17 7.071068e-01
    outer loop
      vertex 1.535200e+01 1.180000e+01 5.139000e+00
      vertex 1.586100e+01 1.229546e+01 5.648000e+00
      vertex 1.535200e+01 1.229546e+01 5.139000e+00
    endloop
  endfacet
  facet normal -4.533219e-01 -1.091585e-16 8.913469e-01
    outer loop
      vertex 1.535200e+01 1.180000e+01 5.139000e+00
      vertex 1.535200e+01 1.229546e+01 5.139000e+00
      vertex 1.471100e+01 1.180000e+01 4.813000e+00
    endloop
  endfacet
  facet normal -4.533219e-01 -1.091585e-16 8.913469e-01
    outer loop
      vertex 1.471100e+01 1.180000e+01 4.813000e+00
      vertex 1.535200e+01 1.229546e+01 5.139000e+00
      vertex 1.471100e+01 1.229546e+01 4.813000e+00
    endloop
  endfacet
  facet normal -1.569610e-01 -1.209467e-16 9.876048e-01
    outer loop
      vertex 1.471100e+01 1.180000e+01 4.813000e+00
      vertex 1.471100e+01 1.229546e+01 4.813000e+00
      vertex 1.400000e+01 1.180000e+01 4.700000e+00
    endloop
  endfacet
  facet normal -1.569610e-01 -1.209467e-16 9.876048e-01
    outer loop
      vertex 1.400000e+01 1.180000e+01 4.700000e+00
      vertex 1.471100e+01 1.229546e+01 4.813000e+00
      vertex 1.400000e+01 1.229546e+01 4.700000e+00
    endloop
  endfacet
  facet normal -7.174799e-02 -1.221491e-16 9.974228e-01
    outer loop
      vertex 1.400000e+01 1.180000e+01 4.700000e+00
      vertex 1.400000e+01 1.229546e+01 4.700000e+00
      vertex 2.114001e+00 1.180000e+01 3.845000e+00
    endloop
  endfacet
  facet normal -7.174799e-02 -1.221491e-16 9.974228e-01
    outer loop
      vertex 2.114001e+00 1.180000e+01 3.845000e+00
      vertex 1.400000e+01 1.229546e+01 4.700000e+00
      vertex 2.114001e+00 1.229546e+01 3.845000e+00
    endloop
  endfacet
  facet normal -6.060429e-01 -9.741232e-17 7.954319e-01
    outer loop
      vertex 2.114001e+00 1.180000e+01 3.845000e+00
      vertex 2.114001e+00 1.229546e+01 3.845000e+00
      vertex 2.093001e+00 1.180000e+01 3.829000e+00
    endloop
  endfacet
  facet normal -6.060429e-01 -9.741232e-17 7.954319e-01
    outer loop
      vertex 2.093001e+00 1.180000e+01 3.829000e+00
      vertex 2.114001e+00 1.229546e+01 3.845000e+00
      vertex 2.093001e+00 1.229546e+01 3.829000e+00
    endloop
  endfacet
  facet normal -5.140639e-01 -1.050443e-16 8.577518e-01
    outer loop
      vertex 2.093001e+00 1.180000e+01 3.829000e+00
      vertex 2.093001e+00 1.229546e+01 3.829000e+00
      vertex 1.801001e+00 1.180000e+01 3.654000e+00
    endloop
  endfacet
  facet normal -5.140639e-01 -1.050443e-16 8.577518e-01
    outer loop
      vertex 1.801001e+00 1.180000e+01 3.654000e+00
      vertex 2.093001e+00 1.229546e+01 3.829000e+00
      vertex 1.801001e+00 1.229546e+01 3.654000e+00
    endloop
  endfacet
  facet normal -4.331121e-01 -1.103823e-16 9.013401e-01
    outer loop
      vertex 1.801001e+00 1.180000e+01 3.654000e+00
      vertex 1.801001e+00 1.229546e+01 3.654000e+00
      vertex 1.493000e+00 1.180000e+01 3.506000e+00
    endloop
  endfacet
  facet normal -4.331121e-01 -1.103823e-16 9.013401e-01
    outer loop
      vertex 1.493000e+00 1.180000e+01 3.506000e+00
      vertex 1.801001e+00 1.229546e+01 3.654000e+00
      vertex 1.493000e+00 1.229546e+01 3.506000e+00
    endloop
  endfacet
  facet normal -3.520880e-01 -1.146229e-16 9.359669e-01
    outer loop
      vertex 1.493000e+00 1.180000e+01 3.506000e+00
      vertex 1.493000e+00 1.229546e+01 3.506000e+00
      vertex 1.174000e+00 1.180000e+01 3.386000e+00
    endloop
  endfacet
  facet normal -3.520880e-01 -1.146229e-16 9.359669e-01
    outer loop
      vertex 1.174000e+00 1.180000e+01 3.386000e+00
      vertex 1.493000e+00 1.229546e+01 3.506000e+00
      vertex 1.174000e+00 1.229546e+01 3.386000e+00
    endloop
  endfacet
  facet normal -2.673410e-01 -1.180072e-16 9.636020e-01
    outer loop
      vertex 1.174000e+00 1.180000e+01 3.386000e+00
      vertex 1.174000e+00 1.229546e+01 3.386000e+00
      vertex 8.460010e-01 1.180000e+01 3.295000e+00
    endloop
  endfacet
  facet normal -2.673410e-01 -1.180072e-16 9.636020e-01
    outer loop
      vertex 8.460010e-01 1.180000e+01 3.295000e+00
      vertex 1.174000e+00 1.229546e+01 3.386000e+00
      vertex 8.460010e-01 1.229546e+01 3.295000e+00
    endloop
  endfacet
  facet normal -1.786279e-01 -1.204950e-16 9.839167e-01
    outer loop
      vertex 8.460010e-01 1.180000e+01 3.295000e+00
      vertex 8.460010e-01 1.229546e+01 3.295000e+00
      vertex 5.100006e-01 1.180000e+01 3.234000e+00
    endloop
  endfacet
  facet normal -1.786279e-01 -1.204950e-16 9.839167e-01
    outer loop
      vertex 5.100006e-01 1.180000e+01 3.234000e+00
      vertex 8.460010e-01 1.229546e+01 3.295000e+00
      vertex 5.100006e-01 1.229546e+01 3.234000e+00
    endloop
  endfacet
  facet normal -8.789399e-02 -1.219907e-16 9.961299e-01
    outer loop
      vertex 5.100006e-01 1.180000e+01 3.234000e+00
      vertex 5.100006e-01 1.229546e+01 3.234000e+00
      vertex 1.700004e-01 1.180000e+01 3.204000e+00
    endloop
  endfacet
  facet normal -8.789399e-02 -1.219907e-16 9.961299e-01
    outer loop
      vertex 1.700004e-01 1.180000e+01 3.204000e+00
      vertex 5.100006e-01 1.229546e+01 3.234000e+00
      vertex 1.700004e-01 1.229546e+01 3.204000e+00
    endloop
  endfacet
  facet normal 0.000000e+00 -1.224647e-16 1.000000e+00
    outer loop
      vertex 1.700004e-01 1.180000e+01 3.204000e+00
      vertex 1.700004e-01 1.229546e+01 3.204000e+00
      vertex -1.699997e-01 1.180000e+01 3.204000e+00
    endloop
  endfacet
  facet normal 0.000000e+00 -1.224647e-16 1.000000e+00
    outer loop
      vertex -1.699997e-01 1.180000e+01 3.204000e+00
      vertex 1.700004e-01 1.229546e+01 3.204000e+00
      vertex -1.699997e-01 1.229546e+01 3.204000e+00
    endloop
  endfacet
  facet normal 8.789399e-02 -1.219907e-16 9.961299e-01
    outer loop
      vertex -1.699997e-01 1.180000e+01 3.204000e+00
      vertex -1.699997e-01 1.229546e+01 3.204000e+00
      vertex -5.099999e-01 1.180000e+01 3.234000e+00
    endloop
  endfacet
  facet normal 8.789399e-02 -1.219907e-16 9.961299e-01
    outer loop
      vertex -5.099999e-01 1.180000e+01 3.234000e+00
      vertex -1.699997e-01 1.229546e+01 3.204000e+00
      vertex -5.099999e-01 1.229546e+01 3.234000e+00
    endloop
  endfacet
  facet normal 1.786279e-01 -1.204950e-16 9.839167e-01
    outer loop
      vertex -5.099999e-01 1.180000e+01 3.234000e+00
      vertex -5.099999e-01 1.229546e+01 3.234000e+00
      vertex -8.460003e-01 1.180000e+01 3.295000e+00
    endloop
  endfacet
  facet normal 1.786279e-01 -1.204950e-16 9.839167e-01
    outer loop
      vertex -8.460003e-01 1.180000e+01 3.295000e+00
      vertex -5.099999e-01 1.229546e+01 3.234000e+00
      vertex -8.460003e-01 1.229546e+01 3.295000e+00
    endloop
  endfacet
  facet normal 2.673410e-01 -1.180072e-16 9.636020e-01
    outer loop
      vertex -8.460003e-01 1.180000e+01 3.295000e+00
      vertex -8.460003e-01 1.229546e+01 3.295000e+00
      vertex -1.173999e+00 1.180000e+01 3.386000e+00
    endloop
  endfacet
  facet normal 2.673410e-01 -1.180072e-16 9.636020e-01
    outer loop
      vertex -1.173999e+00 1.180000e+01 3.386000e+00
      vertex -8.460003e-01 1.229546e+01 3.295000e+00
      vertex -1.173999e+00 1.229546e+01 3.386000e+00
    endloop
  endfacet
  facet normal 3.520880e-01 -1.146229e-16 9.359669e-01
    outer loop
      vertex -1.173999e+00 1.180000e+01 3.386000e+00
      vertex -1.173999e+00 1.229546e+01 3.386000e+00
      vertex -1.493000e+00 1.180000e+01 3.506000e+00
    endloop
  endfacet
  facet normal 3.520880e-01 -1.146229e-16 9.359669e-01
    outer loop
      vertex -1.493000e+00 1.180000e+01 3.506000e+00
      vertex -1.173999e+00 1.229546e+01 3.386000e+00
      vertex -1.493000e+00 1.229546e+01 3.506000e+00
    endloop
  endfacet
  facet normal 4.331121e-01 -1.103823e-16 9.013401e-01
    outer loop
      vertex -1.493000e+00 1.180000e+01 3.506000e+00
      vertex -1.493000e+00 1.229546e+01 3.506000e+00
      vertex -1.801000e+00 1.180000e+01 3.654000e+00
    endloop
  endfacet
  facet normal 4.331121e-01 -1.103823e-16 9.013401e-01
    outer loop
      vertex -1.801000e+00 1.180000e+01 3.654000e+00
      vertex -1.493000e+00 1.229546e+01 3.506000e+00
      vertex -1.801000e+00 1.229546e+01 3.654000e+00
    endloop
  endfacet
  facet normal 5.140639e-01 -1.050443e-16 8.577518e-01
    outer loop
      vertex -1.801000e+00 1.180000e+01 3.654000e+00
      vertex -1.801000e+00 1.229546e+01 3.654000e+00
      vertex -2.093000e+00 1.180000e+01 3.829000e+00
    endloop
  endfacet
  facet normal 5.140639e-01 -1.050443e-16 8.577518e-01
    outer loop
      vertex -2.093000e+00 1.180000e+01 3.829000e+00
      vertex -1.801000e+00 1.229546e+01 3.654000e+00
      vertex -2.093000e+00 1.229546e+01 3.829000e+00
    endloop
  endfacet
  facet normal 6.060429e-01 -9.741232e-17 7.954319e-01
    outer loop
      vertex -2.093000e+00 1.180000e+01 3.829000e+00
      vertex -2.093000e+00 1.229546e+01 3.829000e+00
      vertex -2.114000e+00 1.180000e+01 3.845000e+00
    endloop
  endfacet
  facet normal 6.060429e-01 -9.741232e-17 7.954319e-01
    outer loop
      vertex -2.114000e+00 1.180000e+01 3.845000e+00
      vertex -2.093000e+00 1.229546e+01 3.829000e+00
      vertex -2.114000e+00 1.229546e+01 3.845000e+00
    endloop
  endfacet
  facet normal 7.174799e-02 -1.221491e-16 9.974228e-01
    outer loop
      vertex -2.114000e+00 1.180000e+01 3.845000e+00
      vertex -2.114000e+00 1.229546e+01 3.845000e+00
      vertex -1.400000e+01 1.180000e+01 4.700000e+00
    endloop
  endfacet
  facet normal 7.174799e-02 -1.221491e-16 9.974228e-01
    outer loop
      vertex -1.400000e+01 1.180000e+01 4.700000e+00
      vertex -2.114000e+00 1.229546e+01 3.845000e+00
      vertex -1.400000e+01 1.229546e+01 4.700000e+00
    endloop
  endfacet
  facet normal 1.569610e-01 -1.209467e-16 9.876048e-01
    outer loop
      vertex -1.400000e+01 1.180000e+01 4.700000e+00
      vertex -1.400000e+01 1.229546e+01 4.700000e+00
      vertex -1.471100e+01 1.180000e+01 4.813000e+00
    endloop
  endfacet
  facet normal 1.569610e-01 -1.209467e-16 9.876048e-01
    outer loop
      vertex -1.471100e+01 1.180000e+01 4.813000e+00
      vertex -1.400000e+01 1.229546e+01 4.700000e+00
      vertex -1.471100e+01 1.229546e+01 4.813000e+00
    endloop
  endfacet
  facet normal 4.533219e-01 -1.091585e-16 8.913469e-01
    outer loop
      vertex -1.471100e+01 1.180000e+01 4.813000e+00
      vertex -1.471100e+01 1.229546e+01 4.813000e+00
      vertex -1.535200e+01 1.180000e+01 5.139000e+00
    endloop
  endfacet
  facet normal 4.533219e-01 -1.091585e-16 8.913469e-01
    outer loop
      vertex -1.535200e+01 1.180000e+01 5.139000e+00
      vertex -1.471100e+01 1.229546e+01 4.813000e+00
      vertex -1.535200e+01 1.229546e+01 5.139000e+00
    endloop
  endfacet
  facet normal 7.071068e-01 -8.659561e-17 7.071068e-01
    outer loop
      vertex -1.535200e+01 1.180000e+01 5.139000e+00
      vertex -1.535200e+01 1.229546e+01 5.139000e+00
      vertex -1.586100e+01 1.180000e+01 5.648000e+00
    endloop
  endfacet
  facet normal 7.071068e-01 -8.659561e-17 7.071068e-01
    outer loop
      vertex -1.586100e+01 1.180000e+01 5.648000e+00
      vertex -1.535200e+01 1.229546e+01 5.139000e+00
      vertex -1.586100e+01 1.229546e+01 5.648000e+00
    endloop
  endfacet
  facet normal 8.913469e-01 -5.551593e-17 4.533219e-01
    outer loop
      vertex -1.618700e+01 1.180000e+01 6.289000e+00
      vertex -1.586100e+01 1.180000e+01 5.648000e+00
      vertex -1.586100e+01 1.229546e+01 5.648000e+00
    endloop
  endfacet
  facet normal 8.913469e-01 -5.551593e-17 4.533219e-01
    outer loop
      vertex -1.618700e+01 1.229546e+01 6.289000e+00
      vertex -1.618700e+01 1.180000e+01 6.289000e+00
      vertex -1.586100e+01 1.229546e+01 5.648000e+00
    endloop
  endfacet
  facet normal 9.876048e-01 -1.922218e-17 1.569610e-01
    outer loop
      vertex -1.630000e+01 1.180000e+01 7.000000e+00
      vertex -1.618700e+01 1.180000e+01 6.289000e+00
      vertex -1.618700e+01 1.229546e+01 6.289000e+00
    endloop
  endfacet
  facet normal 9.876048e-01 -1.922218e-17 1.569610e-01
    outer loop
      vertex -1.630000e+01 1.229546e+01 7.000000e+00
      vertex -1.630000e+01 1.180000e+01 7.000000e+00
      vertex -1.618700e+01 1.229546e+01 6.289000e+00
    endloop
  endfacet
  facet normal 0.000000e+00 -1.224647e-16 1.000000e+00
    outer loop
      vertex 7.500000e+00 -1.229546e+01 1.350000e+01
      vertex 7.500000e+00 -1.100000e+01 1.350000e+01
      vertex -7.500000e+00 -1.229546e+01 1.350000e+01
    endloop
  endfacet
  facet normal 0.000000e+00 -1.224647e-16 1.000000e+00
    outer loop
      vertex -7.500000e+00 -1.229546e+01 1.350000e+01
      vertex 7.500000e+00 -1.100000e+01 1.350000e+01
      vertex -7.500000e+00 -1.100000e+01 1.350000e+01
    endloop
  endfacet
  facet normal 0.000000e+00 -1.224647e-16 1.000000e+00
    outer loop
      vertex -7.500000e+00 -1.100000e+01 9.500000e+00
      vertex -7.500000e+00 -7.758833e+00 9.500000e+00
      vertex -7.784323e+00 -7.951608e+00 9.500000e+00
    endloop
  endfacet
  facet normal 0.000000e+00 -1.224647e-16 1.000000e+00
    outer loop
      vertex -7.500000e+00 -1.100000e+01 9.500000e+00
      vertex -7.784323e+00 -7.951608e+00 9.500000e+00
      vertex -9.592245e+00 -8.671949e+00 9.500000e+00
    endloop
  endfacet
  facet normal 0.000000e+00 -1.224647e-16 1.000000e+00
    outer loop
      vertex -7.500000e+00 -1.100000e+01 9.500000e+00
      vertex -9.592245e+00 -8.671949e+00 9.500000e+00
      vertex -2.300000e+01 -1.100000e+01 9.500000e+00
    endloop
  endfacet
  facet normal 0.000000e+00 -1.224647e-16 1.000000e+00
    outer loop
      vertex -9.592245e+00 -8.671949e+00 9.500000e+00
      vertex -1.151275e+01 -8.986801e+00 9.500000e+00
      vertex -2.300000e+01 -1.100000e+01 9.500000e+00
    endloop
  endfacet
  facet normal 0.000000e+00 -1.224647e-16 1.000000e+00
    outer loop
      vertex -2.300000e+01 -1.100000e+01 9.500000e+00
      vertex -1.345604e+01 -8.881439e+00 9.500000e+00
      vertex -1.533124e+01 -8.360790e+00 9.500000e+00
    endloop
  endfacet
  facet normal 0.000000e+00 -1.224647e-16 1.000000e+00
    outer loop
      vertex -1.533124e+01 -8.360790e+00 9.500000e+00
      vertex -1.705068e+01 -7.449201e+00 9.500000e+00
      vertex -2.300000e+01 -1.100000e+01 9.500000e+00
    endloop
  endfacet
  facet normal 0.000000e+00 -1.224647e-16 1.000000e+00
    outer loop
      vertex -1.705068e+01 -7.449201e+00 9.500000e+00
      vertex -1.853396e+01 -6.189294e+00 9.500000e+00
      vertex -2.300000e+01 -1.100000e+01 9.500000e+00
    endloop
  endfacet
  facet normal 0.000000e+00 -1.224647e-16 1.000000e+00
    outer loop
      vertex -1.853396e+01 -6.189294e+00 9.500000e+00
      vertex -1.971171e+01 -4.639985e+00 9.500000e+00
      vertex -2.300000e+01 -1.100000e+01 9.500000e+00
    endloop
  endfacet
  facet normal 0.000000e+00 -1.224647e-16 1.000000e+00
    outer loop
      vertex -1.971171e+01 -4.639985e+00 9.500000e+00
      vertex -2.052888e+01 -2.873714e+00 9.500000e+00
      vertex -2.300000e+01 -1.100000e+01 9.500000e+00
    endloop
  endfacet
  facet normal 0.000000e+00 -1.224647e-16 1.000000e+00
    outer loop
      vertex -2.052888e+01 -2.873714e+00 9.500000e+00
      vertex -2.094724e+01 -9.730707e-01 9.500000e+00
      vertex -2.300000e+01 -1.100000e+01 9.500000e+00
    endloop
  endfacet
  facet normal 0.000000e+00 -1.224647e-16 1.000000e+00
    outer loop
      vertex -2.094724e+01 -9.730707e-01 9.500000e+00
      vertex -2.094724e+01 9.730715e-01 9.500000e+00
      vertex -2.300000e+01 -1.100000e+01 9.500000e+00
    endloop
  endfacet
  facet normal 0.000000e+00 -1.224647e-16 1.000000e+00
    outer loop
      vertex -2.094724e+01 9.730715e-01 9.500000e+00
      vertex -2.300000e+01 1.100000e+01 9.500000e+00
      vertex -2.300000e+01 -1.100000e+01 9.500000e+00
    endloop
  endfacet
  facet normal 0.000000e+00 -1.224647e-16 1.000000e+00
    outer loop
      vertex -2.052888e+01 2.873714e+00 9.500000e+00
      vertex -2.300000e+01 1.100000e+01 9.500000e+00
      vertex -2.094724e+01 9.730715e-01 9.500000e+00
    endloop
  endfacet
  facet normal 0.000000e+00 -1.224647e-16 1.000000e+00
    outer loop
      vertex -1.971171e+01 4.639985e+00 9.500000e+00
      vertex -2.300000e+01 1.100000e+01 9.500000e+00
      vertex -2.052888e+01 2.873714e+00 9.500000e+00
    endloop
  endfacet
  facet normal 0.000000e+00 -1.224647e-16 1.000000e+00
    outer loop
      vertex -1.853396e+01 6.189295e+00 9.500000e+00
      vertex -2.300000e+01 1.100000e+01 9.500000e+00
      vertex -1.971171e+01 4.639985e+00 9.500000e+00
    endloop
  endfacet
  facet normal 0.000000e+00 -1.224647e-16 1.000000e+00
    outer loop
      vertex -1.705068e+01 7.449201e+00 9.500000e+00
      vertex -2.300000e+01 1.100000e+01 9.500000e+00
      vertex -1.853396e+01 6.189295e+00 9.500000e+00
    endloop
  endfacet
  facet normal 0.000000e+00 -1.224647e-16 1.000000e+00
    outer loop
      vertex -1.533124e+01 8.360790e+00 9.500000e+00
      vertex -2.300000e+01 1.100000e+01 9.500000e+00
      vertex -1.705068e+01 7.449201e+00 9.500000e+00
    endloop
  endfacet
  facet normal 0.000000e+00 -1.224647e-16 1.000000e+00
    outer loop
      vertex -1.345604e+01 8.881439e+00 9.500000e+00
      vertex -6.896000e+00 1.075800e+01 9.500000e+00
      vertex -1.533124e+01 8.360790e+00 9.500000e+00
    endloop
  endfacet
  facet normal 0.000000e+00 -1.224647e-16 1.000000e+00
    outer loop
      vertex -1.151275e+01 8.986801e+00 9.500000e+00
      vertex -8.649000e+00 9.180000e+00 9.500000e+00
      vertex -1.345604e+01 8.881439e+00 9.500000e+00
    endloop
  endfacet
  facet normal 0.000000e+00 -1.224647e-16 1.000000e+00
    outer loop
      vertex -9.592245e+00 8.671950e+00 9.500000e+00
      vertex -8.860266e+00 8.380303e+00 9.500000e+00
      vertex -8.837000e+00 8.603000e+00 9.500000e+00
    endloop
  endfacet
  facet normal 0.000000e+00 -1.224647e-16 1.000000e+00
    outer loop
      vertex -9.592245e+00 8.671950e+00 9.500000e+00
      vertex -8.837000e+00 8.603000e+00 9.500000e+00
      vertex -1.151275e+01 8.986801e+00 9.500000e+00
    endloop
  endfacet
  facet normal 0.000000e+00 -1.224647e-16 1.000000e+00
    outer loop
      vertex -8.837000e+00 8.603000e+00 9.500000e+00
      vertex -8.649000e+00 9.180000e+00 9.500000e+00
      vertex -1.151275e+01 8.986801e+00 9.500000e+00
    endloop
  endfacet
  facet normal 0.000000e+00 -1.224647e-16 1.000000e+00
    outer loop
      vertex -8.649000e+00 9.180000e+00 9.500000e+00
      vertex -8.345999e+00 9.705000e+00 9.500000e+00
      vertex -1.345604e+01 8.881439e+00 9.500000e+00
    endloop
  endfacet
  facet normal 0.000000e+00 -1.224647e-16 1.000000e+00
    outer loop
      vertex -8.345999e+00 9.705000e+00 9.500000e+00
      vertex -7.939999e+00 1.015500e+01 9.500000e+00
      vertex -1.345604e+01 8.881439e+00 9.500000e+00
    endloop
  endfacet
  facet normal 0.000000e+00 -1.224647e-16 1.000000e+00
    outer loop
      vertex -7.939999e+00 1.015500e+01 9.500000e+00
      vertex -7.449999e+00 1.051100e+01 9.500000e+00
      vertex -1.345604e+01 8.881439e+00 9.500000e+00
    endloop
  endfacet
  facet normal 0.000000e+00 -1.224647e-16 1.000000e+00
    outer loop
      vertex -7.449999e+00 1.051100e+01 9.500000e+00
      vertex -6.896000e+00 1.075800e+01 9.500000e+00
      vertex -1.345604e+01 8.881439e+00 9.500000e+00
    endloop
  endfacet
  facet normal 0.000000e+00 -1.224647e-16 1.000000e+00
    outer loop
      vertex -6.896000e+00 1.075800e+01 9.500000e+00
      vertex -2.300000e+01 1.100000e+01 9.500000e+00
      vertex -1.533124e+01 8.360790e+00 9.500000e+00
    endloop
  endfacet
  facet normal 0.000000e+00 -1.224647e-16 1.000000e+00
    outer loop
      vertex 6.303000e+00 1.088400e+01 9.500000e+00
      vertex 2.300000e+01 1.100000e+01 9.500000e+00
      vertex -6.303000e+00 1.088400e+01 9.500000e+00
    endloop
  endfacet
  facet normal 0.000000e+00 -1.224647e-16 1.000000e+00
    outer loop
      vertex 6.896000e+00 1.075800e+01 9.500000e+00
      vertex 2.300000e+01 1.100000e+01 9.500000e+00
      vertex 6.303000e+00 1.088400e+01 9.500000e+00
    endloop
  endfacet
  facet normal 0.000000e+00 -1.224647e-16 1.000000e+00
    outer loop
      vertex 7.450001e+00 1.051100e+01 9.500000e+00
      vertex 1.248725e+01 8.986801e+00 9.500000e+00
      vertex 6.896000e+00 1.075800e+01 9.500000e+00
    endloop
  endfacet
  facet normal 0.000000e+00 -1.224647e-16 1.000000e+00
    outer loop
      vertex 7.940001e+00 1.015500e+01 9.500000e+00
      vertex 1.054396e+01 8.881439e+00 9.500000e+00
      vertex 7.450001e+00 1.051100e+01 9.500000e+00
    endloop
  endfacet
  facet normal 0.000000e+00 -1.224647e-16 1.000000e+00
    outer loop
      vertex 8.346001e+00 9.705000e+00 9.500000e+00
      vertex 1.054396e+01 8.881439e+00 9.500000e+00
      vertex 7.940001e+00 1.015500e+01 9.500000e+00
    endloop
  endfacet
  facet normal 0.000000e+00 -1.224647e-16 1.000000e+00
    outer loop
      vertex 8.649001e+00 9.180000e+00 9.500000e+00
      vertex 1.054396e+01 8.881439e+00 9.500000e+00
      vertex 8.346001e+00 9.705000e+00 9.500000e+00
    endloop
  endfacet
  facet normal 0.000000e+00 -1.224647e-16 1.000000e+00
    outer loop
      vertex 8.837000e+00 8.603000e+00 9.500000e+00
      vertex 8.856850e+00 8.413014e+00 9.500000e+00
      vertex 1.054396e+01 8.881439e+00 9.500000e+00
    endloop
  endfacet
  facet normal 0.000000e+00 -1.224647e-16 1.000000e+00
    outer loop
      vertex 8.837000e+00 8.603000e+00 9.500000e+00
      vertex 1.054396e+01 8.881439e+00 9.500000e+00
      vertex 8.649001e+00 9.180000e+00 9.500000e+00
    endloop
  endfacet
  facet normal 0.000000e+00 -1.224647e-16 1.000000e+00
    outer loop
      vertex 1.054396e+01 8.881439e+00 9.500000e+00
      vertex 1.248725e+01 8.986801e+00 9.500000e+00
      vertex 7.450001e+00 1.051100e+01 9.500000e+00
    endloop
  endfacet
  facet normal 0.000000e+00 -1.224647e-16 1.000000e+00
    outer loop
      vertex 1.248725e+01 8.986801e+00 9.500000e+00
      vertex 1.440776e+01 8.671950e+00 9.500000e+00
      vertex 6.896000e+00 1.075800e+01 9.500000e+00
    endloop
  endfacet
  facet normal 0.000000e+00 -1.224647e-16 1.000000e+00
    outer loop
      vertex 1.440776e+01 8.671950e+00 9.500000e+00
      vertex 2.300000e+01 1.100000e+01 9.500000e+00
      vertex 6.896000e+00 1.075800e+01 9.500000e+00
    endloop
  endfacet
  facet normal 0.000000e+00 -1.224647e-16 1.000000e+00
    outer loop
      vertex 1.621568e+01 7.951608e+00 9.500000e+00
      vertex 2.300000e+01 1.100000e+01 9.500000e+00
      vertex 1.440776e+01 8.671950e+00 9.500000e+00
    endloop
  endfacet
  facet normal 0.000000e+00 -1.224647e-16 1.000000e+00
    outer loop
      vertex 1.782648e+01 6.859458e+00 9.500000e+00
      vertex 2.300000e+01 1.100000e+01 9.500000e+00
      vertex 1.621568e+01 7.951608e+00 9.500000e+00
    endloop
  endfacet
  facet normal 0.000000e+00 -1.224647e-16 1.000000e+00
    outer loop
      vertex 1.916484e+01 5.446568e+00 9.500000e+00
      vertex 2.300000e+01 1.100000e+01 9.500000e+00
      vertex 1.782648e+01 6.859458e+00 9.500000e+00
    endloop
  endfacet
  facet normal 0.000000e+00 -1.224647e-16 1.000000e+00
    outer loop
      vertex 2.016818e+01 3.779003e+00 9.500000e+00
      vertex 2.300000e+01 1.100000e+01 9.500000e+00
      vertex 1.916484e+01 5.446568e+00 9.500000e+00
    endloop
  endfacet
  facet normal 0.000000e+00 -1.224647e-16 1.000000e+00
    outer loop
      vertex 2.100000e+01 3.576279e-07 9.500000e+00
      vertex 2.300000e+01 -1.100000e+01 9.500000e+00
      vertex 2.078959e+01 1.934735e+00 9.500000e+00
    endloop
  endfacet
  facet normal 0.000000e+00 -1.224647e-16 1.000000e+00
    outer loop
      vertex 2.078959e+01 -1.934734e+00 9.500000e+00
      vertex 2.300000e+01 -1.100000e+01 9.500000e+00
      vertex 2.100000e+01 3.576279e-07 9.500000e+00
    endloop
  endfacet
  facet normal 0.000000e+00 -1.224647e-16 1.000000e+00
    outer loop
      vertex 7.500000e+00 -1.100000e+01 9.500000e+00
      vertex 1.248725e+01 -8.986801e+00 9.500000e+00
      vertex 1.054396e+01 -8.881439e+00 9.500000e+00
    endloop
  endfacet
  facet normal 0.000000e+00 -1.224647e-16 1.000000e+00
    outer loop
      vertex 2.016818e+01 -3.779002e+00 9.500000e+00
      vertex 2.300000e+01 -1.100000e+01 9.500000e+00
      vertex 2.078959e+01 -1.934734e+00 9.500000e+00
    endloop
  endfacet
  facet normal 0.000000e+00 -1.224647e-16 1.000000e+00
    outer loop
      vertex 7.500000e+00 -1.100000e+01 9.500000e+00
      vertex 1.054396e+01 -8.881439e+00 9.500000e+00
      vertex 8.668757e+00 -8.360790e+00 9.500000e+00
    endloop
  endfacet
  facet normal 0.000000e+00 -1.224647e-16 1.000000e+00
    outer loop
      vertex 1.916484e+01 -5.446567e+00 9.500000e+00
      vertex 2.300000e+01 -1.100000e+01 9.500000e+00
      vertex 2.016818e+01 -3.779002e+00 9.500000e+00
    endloop
  endfacet
  facet normal 0.000000e+00 -1.224647e-16 1.000000e+00
    outer loop
      vertex 1.782648e+01 -6.859459e+00 9.500000e+00
      vertex 2.300000e+01 -1.100000e+01 9.500000e+00
      vertex 1.916484e+01 -5.446567e+00 9.500000e+00
    endloop
  endfacet
  facet normal 0.000000e+00 -1.224647e-16 1.000000e+00
    outer loop
      vertex 1.621568e+01 -7.951608e+00 9.500000e+00
      vertex 2.300000e+01 -1.100000e+01 9.500000e+00
      vertex 1.782648e+01 -6.859459e+00 9.500000e+00
    endloop
  endfacet
  facet normal 0.000000e+00 -1.224647e-16 1.000000e+00
    outer loop
      vertex 7.500000e+00 -1.100000e+01 9.500000e+00
      vertex 8.668757e+00 -8.360790e+00 9.500000e+00
      vertex 7.500000e+00 -7.741155e+00 9.500000e+00
    endloop
  endfacet
  facet normal 0.000000e+00 -1.224647e-16 1.000000e+00
    outer loop
      vertex 1.440776e+01 -8.671949e+00 9.500000e+00
      vertex 1.248725e+01 -8.986801e+00 9.500000e+00
      vertex 7.500000e+00 -1.100000e+01 9.500000e+00
    endloop
  endfacet
  facet normal 0.000000e+00 -1.224647e-16 1.000000e+00
    outer loop
      vertex 1.440776e+01 -8.671949e+00 9.500000e+00
      vertex 7.500000e+00 -1.100000e+01 9.500000e+00
      vertex 2.300000e+01 -1.100000e+01 9.500000e+00
    endloop
  endfacet
  facet normal 0.000000e+00 -1.224647e-16 1.000000e+00
    outer loop
      vertex 1.440776e+01 -8.671949e+00 9.500000e+00
      vertex 2.300000e+01 -1.100000e+01 9.500000e+00
      vertex 1.621568e+01 -7.951608e+00 9.500000e+00
    endloop
  endfacet
  facet normal 0.000000e+00 -1.224647e-16 1.000000e+00
    outer loop
      vertex 2.078959e+01 1.934735e+00 9.500000e+00
      vertex 2.300000e+01 -1.100000e+01 9.500000e+00
      vertex 2.300000e+01 1.100000e+01 9.500000e+00
    endloop
  endfacet
  facet normal 0.000000e+00 -1.224647e-16 1.000000e+00
    outer loop
      vertex 2.078959e+01 1.934735e+00 9.500000e+00
      vertex 2.300000e+01 1.100000e+01 9.500000e+00
      vertex 2.016818e+01 3.779003e+00 9.500000e+00
    endloop
  endfacet
  facet normal 0.000000e+00 -1.224647e-16 1.000000e+00
    outer loop
      vertex -6.303000e+00 1.088400e+01 9.500000e+00
      vertex 2.300000e+01 1.100000e+01 9.500000e+00
      vertex -2.300000e+01 1.100000e+01 9.500000e+00
    endloop
  endfacet
  facet normal 0.000000e+00 -1.224647e-16 1.000000e+00
    outer loop
      vertex -6.303000e+00 1.088400e+01 9.500000e+00
      vertex -2.300000e+01 1.100000e+01 9.500000e+00
      vertex -6.896000e+00 1.075800e+01 9.500000e+00
    endloop
  endfacet
  facet normal 0.000000e+00 -1.224647e-16 1.000000e+00
    outer loop
      vertex -1.345604e+01 -8.881439e+00 9.500000e+00
      vertex -2.300000e+01 -1.100000e+01 9.500000e+00
      vertex -1.151275e+01 -8.986801e+00 9.500000e+00
    endloop
  endfacet
  facet normal 1.000000e+00 0.000000e+00 0.000000e+00
    outer loop
      vertex -7.500000e+00 -1.100000e+01 9.500000e+00
      vertex -7.500000e+00 -1.100000e+01 7.500000e+00
      vertex -7.500000e+00 -7.758833e+00 7.500000e+00
    endloop
  endfacet
  facet normal 1.000000e+00 0.000000e+00 0.000000e+00
    outer loop
      vertex -7.500000e+00 -7.758833e+00 9.500000e+00
      vertex -7.500000e+00 -1.100000e+01 9.500000e+00
      vertex -7.500000e+00 -7.758833e+00 7.500000e+00
    endloop
  endfacet
  facet normal 0.000000e+00 -1.224647e-16 1.000000e+00
    outer loop
      vertex 7.500000e+00 -1.100000e+01 7.500000e+00
      vertex 7.500000e+00 -7.741155e+00 7.500000e+00
      vertex -7.500000e+00 -1.100000e+01 7.500000e+00
    endloop
  endfacet
  facet normal 0.000000e+00 -1.224647e-16 1.000000e+00
    outer loop
      vertex -7.500000e+00 -1.100000e+01 7.500000e+00
      vertex 7.500000e+00 -7.741155e+00 7.500000e+00
      vertex 6.949316e+00 -7.449201e+00 7.500000e+00
    endloop
  endfacet
  facet normal 0.000000e+00 -1.224647e-16 1.000000e+00
    outer loop
      vertex -7.500000e+00 -1.100000e+01 7.500000e+00
      vertex 6.949316e+00 -7.449201e+00 7.500000e+00
      vertex 5.831831e+00 -6.500000e+00 7.500000e+00
    endloop
  endfacet
  facet normal 0.000000e+00 -1.224647e-16 1.000000e+00
    outer loop
      vertex -7.500000e+00 -1.100000e+01 7.500000e+00
      vertex 5.831831e+00 -6.500000e+00 7.500000e+00
      vertex -5.833027e+00 -6.500000e+00 7.500000e+00
    endloop
  endfacet
  facet normal 0.000000e+00 -1.224647e-16 1.000000e+00
    outer loop
      vertex -7.500000e+00 -1.100000e+01 7.500000e+00
      vertex -5.833027e+00 -6.500000e+00 7.500000e+00
      vertex -6.173523e+00 -6.859459e+00 7.500000e+00
    endloop
  endfacet
  facet normal 0.000000e+00 -1.224647e-16 1.000000e+00
    outer loop
      vertex -7.500000e+00 -1.100000e+01 7.500000e+00
      vertex -6.173523e+00 -6.859459e+00 7.500000e+00
      vertex -7.500000e+00 -7.758833e+00 7.500000e+00
    endloop
  endfacet
  facet normal -1.000000e+00 0.000000e+00 -0.000000e+00
    outer loop
      vertex 7.500000e+00 -1.100000e+01 7.500000e+00
      vertex 7.500000e+00 -1.100000e+01 9.500000e+00
      vertex 7.500000e+00 -7.741155e+00 7.500000e+00
    endloop
  endfacet
  facet normal -1.000000e+00 0.000000e+00 -0.000000e+00
    outer loop
      vertex 7.500000e+00 -7.741155e+00 7.500000e+00
      vertex 7.500000e+00 -1.100000e+01 9.500000e+00
      vertex 7.500000e+00 -7.741155e+00 9.500000e+00
    endloop
  endfacet
  facet normal 9.945865e-01 -1.039121e-01 -1.272556e-17
    outer loop
      vertex -8.860266e+00 8.380303e+00 7.500000e+00
      vertex -8.837000e+00 8.603000e+00 7.500000e+00
      vertex -8.837000e+00 8.603000e+00 9.500000e+00
    endloop
  endfacet
  facet normal 9.945865e-01 -1.039121e-01 -1.272556e-17
    outer loop
      vertex -8.860266e+00 8.380303e+00 9.500000e+00
      vertex -8.860266e+00 8.380303e+00 7.500000e+00
      vertex -8.837000e+00 8.603000e+00 9.500000e+00
    endloop
  endfacet
  facet normal 0.000000e+00 -1.224647e-16 1.000000e+00
    outer loop
      vertex 4.650143e+00 5.116001e+00 7.500000e+00
      vertex -4.835161e+00 5.446568e+00 7.500000e+00
      vertex -4.636266e+00 5.116001e+00 7.500000e+00
    endloop
  endfacet
  facet normal 0.000000e+00 -1.224647e-16 1.000000e+00
    outer loop
      vertex -6.173523e+00 6.859458e+00 7.500000e+00
      vertex -4.835161e+00 5.446568e+00 7.500000e+00
      vertex 4.650143e+00 5.116001e+00 7.500000e+00
    endloop
  endfacet
  facet normal 0.000000e+00 -1.224647e-16 1.000000e+00
    outer loop
      vertex -6.173523e+00 6.859458e+00 7.500000e+00
      vertex 4.650143e+00 5.116001e+00 7.500000e+00
      vertex -7.784323e+00 7.951608e+00 7.500000e+00
    endloop
  endfacet
  facet normal 0.000000e+00 -1.224647e-16 1.000000e+00
    outer loop
      vertex 4.650143e+00 5.116001e+00 7.500000e+00
      vertex 5.466042e+00 6.189295e+00 7.500000e+00
      vertex -7.784323e+00 7.951608e+00 7.500000e+00
    endloop
  endfacet
  facet normal 0.000000e+00 -1.224647e-16 1.000000e+00
    outer loop
      vertex 5.466042e+00 6.189295e+00 7.500000e+00
      vertex 6.949316e+00 7.449201e+00 7.500000e+00
      vertex -7.784323e+00 7.951608e+00 7.500000e+00
    endloop
  endfacet
  facet normal 0.000000e+00 -1.224647e-16 1.000000e+00
    outer loop
      vertex 6.949316e+00 7.449201e+00 7.500000e+00
      vertex 8.668757e+00 8.360790e+00 7.500000e+00
      vertex -7.784323e+00 7.951608e+00 7.500000e+00
    endloop
  endfacet
  facet normal 0.000000e+00 -1.224647e-16 1.000000e+00
    outer loop
      vertex 8.668757e+00 8.360790e+00 7.500000e+00
      vertex 8.856850e+00 8.413014e+00 7.500000e+00
      vertex -7.784323e+00 7.951608e+00 7.500000e+00
    endloop
  endfacet
  facet normal 0.000000e+00 -1.224647e-16 1.000000e+00
    outer loop
      vertex 8.856850e+00 8.413014e+00 7.500000e+00
      vertex 8.837000e+00 8.603000e+00 7.500000e+00
      vertex -7.784323e+00 7.951608e+00 7.500000e+00
    endloop
  endfacet
  facet normal 0.000000e+00 -1.224647e-16 1.000000e+00
    outer loop
      vertex 8.837000e+00 8.603000e+00 7.500000e+00
      vertex 8.649001e+00 9.180000e+00 7.500000e+00
      vertex -7.784323e+00 7.951608e+00 7.500000e+00
    endloop
  endfacet
  facet normal 0.000000e+00 -1.224647e-16 1.000000e+00
    outer loop
      vertex 8.649001e+00 9.180000e+00 7.500000e+00
      vertex 8.346001e+00 9.705000e+00 7.500000e+00
      vertex -7.784323e+00 7.951608e+00 7.500000e+00
    endloop
  endfacet
  facet normal 0.000000e+00 -1.224647e-16 1.000000e+00
    outer loop
      vertex 8.346001e+00 9.705000e+00 7.500000e+00
      vertex 7.940001e+00 1.015500e+01 7.500000e+00
      vertex -7.784323e+00 7.951608e+00 7.500000e+00
    endloop
  endfacet
  facet normal 0.000000e+00 -1.224647e-16 1.000000e+00
    outer loop
      vertex 7.940001e+00 1.015500e+01 7.500000e+00
      vertex 7.450001e+00 1.051100e+01 7.500000e+00
      vertex -7.784323e+00 7.951608e+00 7.500000e+00
    endloop
  endfacet
  facet normal 0.000000e+00 -1.224647e-16 1.000000e+00
    outer loop
      vertex 7.450001e+00 1.051100e+01 7.500000e+00
      vertex 6.896000e+00 1.075800e+01 7.500000e+00
      vertex -7.784323e+00 7.951608e+00 7.500000e+00
    endloop
  endfacet
  facet normal 0.000000e+00 -1.224647e-16 1.000000e+00
    outer loop
      vertex 6.896000e+00 1.075800e+01 7.500000e+00
      vertex 6.303000e+00 1.088400e+01 7.500000e+00
      vertex -7.784323e+00 7.951608e+00 7.500000e+00
    endloop
  endfacet
  facet normal 0.000000e+00 -1.224647e-16 1.000000e+00
    outer loop
      vertex 6.303000e+00 1.088400e+01 7.500000e+00
      vertex -6.303000e+00 1.088400e+01 7.500000e+00
      vertex -7.784323e+00 7.951608e+00 7.500000e+00
    endloop
  endfacet
  facet normal 0.000000e+00 -1.224647e-16 1.000000e+00
    outer loop
      vertex -6.303000e+00 1.088400e+01 7.500000e+00
      vertex -6.896000e+00 1.075800e+01 7.500000e+00
      vertex -7.784323e+00 7.951608e+00 7.500000e+00
    endloop
  endfacet
  facet normal 0.000000e+00 -1.224647e-16 1.000000e+00
    outer loop
      vertex -6.896000e+00 1.075800e+01 7.500000e+00
      vertex -7.449999e+00 1.051100e+01 7.500000e+00
      vertex -7.784323e+00 7.951608e+00 7.500000e+00
    endloop
  endfacet
  facet normal 0.000000e+00 -1.224647e-16 1.000000e+00
    outer loop
      vertex -7.449999e+00 1.051100e+01 7.500000e+00
      vertex -7.939999e+00 1.015500e+01 7.500000e+00
      vertex -7.784323e+00 7.951608e+00 7.500000e+00
    endloop
  endfacet
  facet normal 0.000000e+00 -1.224647e-16 1.000000e+00
    outer loop
      vertex -7.939999e+00 1.015500e+01 7.500000e+00
      vertex -8.345999e+00 9.705000e+00 7.500000e+00
      vertex -7.784323e+00 7.951608e+00 7.500000e+00
    endloop
  endfacet
  facet normal 0.000000e+00 -1.224647e-16 1.000000e+00
    outer loop
      vertex -8.345999e+00 9.705000e+00 7.500000e+00
      vertex -8.649000e+00 9.180000e+00 7.500000e+00
      vertex -7.784323e+00 7.951608e+00 7.500000e+00
    endloop
  endfacet
  facet normal 0.000000e+00 -1.224647e-16 1.000000e+00
    outer loop
      vertex -8.649000e+00 9.180000e+00 7.500000e+00
      vertex -8.837000e+00 8.603000e+00 7.500000e+00
      vertex -7.784323e+00 7.951608e+00 7.500000e+00
    endloop
  endfacet
  facet normal 0.000000e+00 -1.224647e-16 1.000000e+00
    outer loop
      vertex -7.784323e+00 7.951608e+00 7.500000e+00
      vertex -8.837000e+00 8.603000e+00 7.500000e+00
      vertex -8.860266e+00 8.380303e+00 7.500000e+00
    endloop
  endfacet
  facet normal 0.000000e+00 1.000000e+00 1.224647e-16
    outer loop
      vertex 4.650143e+00 5.116001e+00 9.500000e+00
      vertex 4.650143e+00 5.116001e+00 7.500000e+00
      vertex -4.636266e+00 5.116001e+00 7.500000e+00
    endloop
  endfacet
  facet normal -0.000000e+00 1.000000e+00 1.224647e-16
    outer loop
      vertex -4.636266e+00 5.116001e+00 9.500000e+00
      vertex 4.650143e+00 5.116001e+00 9.500000e+00
      vertex -4.636266e+00 5.116001e+00 7.500000e+00
    endloop
  endfacet
  facet normal 0.000000e+00 -1.224647e-16 1.000000e+00
    outer loop
      vertex 5.466042e+00 -6.189294e+00 9.500000e+00
      vertex 4.288285e+00 -4.639985e+00 9.500000e+00
      vertex -4.636266e+00 5.116001e+00 9.500000e+00
    endloop
  endfacet
  facet normal 0.000000e+00 -1.224647e-16 1.000000e+00
    outer loop
      vertex 4.288285e+00 -4.639985e+00 9.500000e+00
      vertex 3.471121e+00 -2.873714e+00 9.500000e+00
      vertex -4.636266e+00 5.116001e+00 9.500000e+00
    endloop
  endfacet
  facet normal 0.000000e+00 -1.224647e-16 1.000000e+00
    outer loop
      vertex 3.471121e+00 -2.873714e+00 9.500000e+00
      vertex 3.052758e+00 -9.730707e-01 9.500000e+00
      vertex -4.636266e+00 5.116001e+00 9.500000e+00
    endloop
  endfacet
  facet normal 0.000000e+00 -1.224647e-16 1.000000e+00
    outer loop
      vertex 3.052758e+00 -9.730707e-01 9.500000e+00
      vertex 3.052758e+00 9.730715e-01 9.500000e+00
      vertex -4.636266e+00 5.116001e+00 9.500000e+00
    endloop
  endfacet
  facet normal 0.000000e+00 -1.224647e-16 1.000000e+00
    outer loop
      vertex -4.636266e+00 5.116001e+00 9.500000e+00
      vertex 3.471121e+00 2.873714e+00 9.500000e+00
      vertex 4.288285e+00 4.639985e+00 9.500000e+00
    endloop
  endfacet
  facet normal 0.000000e+00 -1.224647e-16 1.000000e+00
    outer loop
      vertex -4.636266e+00 5.116001e+00 9.500000e+00
      vertex 4.288285e+00 4.639985e+00 9.500000e+00
      vertex 4.650143e+00 5.116001e+00 9.500000e+00
    endloop
  endfacet
  facet normal 0.000000e+00 -1.224647e-16 1.000000e+00
    outer loop
      vertex 3.052758e+00 9.730715e-01 9.500000e+00
      vertex 3.471121e+00 2.873714e+00 9.500000e+00
      vertex -4.636266e+00 5.116001e+00 9.500000e+00
    endloop
  endfacet
  facet normal 0.000000e+00 -1.224647e-16 1.000000e+00
    outer loop
      vertex 5.466042e+00 -6.189294e+00 9.500000e+00
      vertex -4.636266e+00 5.116001e+00 9.500000e+00
      vertex -3.831821e+00 3.779003e+00 9.500000e+00
    endloop
  endfacet
  facet normal 0.000000e+00 -1.224647e-16 1.000000e+00
    outer loop
      vertex 5.466042e+00 -6.189294e+00 9.500000e+00
      vertex -3.831821e+00 3.779003e+00 9.500000e+00
      vertex -3.210415e+00 1.934735e+00 9.500000e+00
    endloop
  endfacet
  facet normal 0.000000e+00 -1.224647e-16 1.000000e+00
    outer loop
      vertex 5.466042e+00 -6.189294e+00 9.500000e+00
      vertex -3.000000e+00 3.576279e-07 9.500000e+00
      vertex 5.831831e+00 -6.500000e+00 9.500000e+00
    endloop
  endfacet
  facet normal 0.000000e+00 -1.224647e-16 1.000000e+00
    outer loop
      vertex -3.210415e+00 1.934735e+00 9.500000e+00
      vertex -3.000000e+00 3.576279e-07 9.500000e+00
      vertex 5.466042e+00 -6.189294e+00 9.500000e+00
    endloop
  endfacet
  facet normal 0.000000e+00 -1.224647e-16 1.000000e+00
    outer loop
      vertex -3.000000e+00 3.576279e-07 9.500000e+00
      vertex -3.210415e+00 -1.934734e+00 9.500000e+00
      vertex 5.831831e+00 -6.500000e+00 9.500000e+00
    endloop
  endfacet
  facet normal 0.000000e+00 -1.224647e-16 1.000000e+00
    outer loop
      vertex -3.210415e+00 -1.934734e+00 9.500000e+00
      vertex -3.831821e+00 -3.779002e+00 9.500000e+00
      vertex 5.831831e+00 -6.500000e+00 9.500000e+00
    endloop
  endfacet
  facet normal 0.000000e+00 -1.224647e-16 1.000000e+00
    outer loop
      vertex -3.831821e+00 -3.779002e+00 9.500000e+00
      vertex -4.835161e+00 -5.446567e+00 9.500000e+00
      vertex 5.831831e+00 -6.500000e+00 9.500000e+00
    endloop
  endfacet
  facet normal 0.000000e+00 -1.224647e-16 1.000000e+00
    outer loop
      vertex -4.835161e+00 -5.446567e+00 9.500000e+00
      vertex -5.833027e+00 -6.500000e+00 9.500000e+00
      vertex 5.831831e+00 -6.500000e+00 9.500000e+00
    endloop
  endfacet
  facet normal 0.000000e+00 -1.000000e+00 -1.224647e-16
    outer loop
      vertex 5.831831e+00 -6.500000e+00 7.500000e+00
      vertex 5.831831e+00 -6.500000e+00 9.500000e+00
      vertex -5.833027e+00 -6.500000e+00 7.500000e+00
    endloop
  endfacet
  facet normal 0.000000e+00 -1.000000e+00 -1.224647e-16
    outer loop
      vertex -5.833027e+00 -6.500000e+00 7.500000e+00
      vertex 5.831831e+00 -6.500000e+00 9.500000e+00
      vertex -5.833027e+00 -6.500000e+00 9.500000e+00
    endloop
  endfacet
  facet normal -9.945865e-01 -1.039121e-01 -1.272556e-17
    outer loop
      vertex 8.856850e+00 8.413014e+00 7.500000e+00
      vertex 8.856850e+00 8.413014e+00 9.500000e+00
      vertex 8.837000e+00 8.603000e+00 7.500000e+00
    endloop
  endfacet
  facet normal -9.945865e-01 -1.039121e-01 -1.272556e-17
    outer loop
      vertex 8.837000e+00 8.603000e+00 7.500000e+00
      vertex 8.856850e+00 8.413014e+00 9.500000e+00
      vertex 8.837000e+00 8.603000e+00 9.500000e+00
    endloop
  endfacet
  facet normal 0.000000e+00 1.000000e+00 1.224647e-16
    outer loop
      vertex -1.618700e+01 1.180000e+01 7.711000e+00
      vertex -1.586100e+01 1.180000e+01 8.352000e+00
      vertex -1.535200e+01 1.180000e+01 8.861000e+00
    endloop
  endfacet
  facet normal 0.000000e+00 1.000000e+00 1.224647e-16
    outer loop
      vertex -1.400000e+01 1.180000e+01 9.300000e+00
      vertex -1.618700e+01 1.180000e+01 7.711000e+00
      vertex -1.471100e+01 1.180000e+01 9.187000e+00
    endloop
  endfacet
  facet normal 0.000000e+00 1.000000e+00 1.224647e-16
    outer loop
      vertex -1.471100e+01 1.180000e+01 9.187000e+00
      vertex -1.618700e+01 1.180000e+01 7.711000e+00
      vertex -1.535200e+01 1.180000e+01 8.861000e+00
    endloop
  endfacet
  facet normal 0.000000e+00 1.000000e+00 1.224647e-16
    outer loop
      vertex -2.114000e+00 1.180000e+01 1.015500e+01
      vertex -1.618700e+01 1.180000e+01 7.711000e+00
      vertex -1.400000e+01 1.180000e+01 9.300000e+00
    endloop
  endfacet
  facet normal 0.000000e+00 1.000000e+00 1.224647e-16
    outer loop
      vertex 1.174000e+00 1.180000e+01 1.061400e+01
      vertex -1.618700e+01 1.180000e+01 7.711000e+00
      vertex -2.114000e+00 1.180000e+01 1.015500e+01
    endloop
  endfacet
  facet normal 0.000000e+00 1.000000e+00 1.224647e-16
    outer loop
      vertex -1.801000e+00 1.180000e+01 1.034600e+01
      vertex -2.114000e+00 1.180000e+01 1.015500e+01
      vertex -2.093000e+00 1.180000e+01 1.017100e+01
    endloop
  endfacet
  facet normal 0.000000e+00 1.000000e+00 1.224647e-16
    outer loop
      vertex -1.493000e+00 1.180000e+01 1.049400e+01
      vertex -2.114000e+00 1.180000e+01 1.015500e+01
      vertex -1.801000e+00 1.180000e+01 1.034600e+01
    endloop
  endfacet
  facet normal 0.000000e+00 1.000000e+00 1.224647e-16
    outer loop
      vertex -1.173999e+00 1.180000e+01 1.061400e+01
      vertex -2.114000e+00 1.180000e+01 1.015500e+01
      vertex -1.493000e+00 1.180000e+01 1.049400e+01
    endloop
  endfacet
  facet normal -0.000000e+00 1.000000e+00 1.224647e-16
    outer loop
      vertex -8.460003e-01 1.180000e+01 1.070500e+01
      vertex -2.114000e+00 1.180000e+01 1.015500e+01
      vertex -1.173999e+00 1.180000e+01 1.061400e+01
    endloop
  endfacet
  facet normal 0.000000e+00 1.000000e+00 1.224647e-16
    outer loop
      vertex -5.099999e-01 1.180000e+01 1.076600e+01
      vertex -2.114000e+00 1.180000e+01 1.015500e+01
      vertex -8.460003e-01 1.180000e+01 1.070500e+01
    endloop
  endfacet
  facet normal 0.000000e+00 1.000000e+00 1.224647e-16
    outer loop
      vertex -1.699997e-01 1.180000e+01 1.079600e+01
      vertex -2.114000e+00 1.180000e+01 1.015500e+01
      vertex -5.099999e-01 1.180000e+01 1.076600e+01
    endloop
  endfacet
  facet normal 0.000000e+00 1.000000e+00 1.224647e-16
    outer loop
      vertex 1.700004e-01 1.180000e+01 1.079600e+01
      vertex -2.114000e+00 1.180000e+01 1.015500e+01
      vertex -1.699997e-01 1.180000e+01 1.079600e+01
    endloop
  endfacet
  facet normal 0.000000e+00 1.000000e+00 1.224647e-16
    outer loop
      vertex 5.100006e-01 1.180000e+01 1.076600e+01
      vertex -2.114000e+00 1.180000e+01 1.015500e+01
      vertex 1.700004e-01 1.180000e+01 1.079600e+01
    endloop
  endfacet
  facet normal 0.000000e+00 1.000000e+00 1.224647e-16
    outer loop
      vertex 8.460010e-01 1.180000e+01 1.070500e+01
      vertex -2.114000e+00 1.180000e+01 1.015500e+01
      vertex 5.100006e-01 1.180000e+01 1.076600e+01
    endloop
  endfacet
  facet normal 0.000000e+00 1.000000e+00 1.224647e-16
    outer loop
      vertex 1.174000e+00 1.180000e+01 1.061400e+01
      vertex -2.114000e+00 1.180000e+01 1.015500e+01
      vertex 8.460010e-01 1.180000e+01 1.070500e+01
    endloop
  endfacet
  facet normal 0.000000e+00 1.000000e+00 1.224647e-16
    outer loop
      vertex 1.493000e+00 1.180000e+01 1.049400e+01
      vertex -1.618700e+01 1.180000e+01 7.711000e+00
      vertex 1.174000e+00 1.180000e+01 1.061400e+01
    endloop
  endfacet
  facet normal 0.000000e+00 1.000000e+00 1.224647e-16
    outer loop
      vertex 1.801001e+00 1.180000e+01 1.034600e+01
      vertex -1.618700e+01 1.180000e+01 7.711000e+00
      vertex 1.493000e+00 1.180000e+01 1.049400e+01
    endloop
  endfacet
  facet normal 0.000000e+00 1.000000e+00 1.224647e-16
    outer loop
      vertex 2.093001e+00 1.180000e+01 1.017100e+01
      vertex -1.618700e+01 1.180000e+01 7.711000e+00
      vertex 1.801001e+00 1.180000e+01 1.034600e+01
    endloop
  endfacet
  facet normal 0.000000e+00 1.000000e+00 1.224647e-16
    outer loop
      vertex 2.114001e+00 1.180000e+01 1.015500e+01
      vertex -1.618700e+01 1.180000e+01 7.711000e+00
      vertex 2.093001e+00 1.180000e+01 1.017100e+01
    endloop
  endfacet
  facet normal 0.000000e+00 1.000000e+00 1.224647e-16
    outer loop
      vertex 1.400000e+01 1.180000e+01 9.300000e+00
      vertex -1.618700e+01 1.180000e+01 7.711000e+00
      vertex 2.114001e+00 1.180000e+01 1.015500e+01
    endloop
  endfacet
  facet normal 0.000000e+00 1.000000e+00 1.224647e-16
    outer loop
      vertex 1.471100e+01 1.180000e+01 9.187000e+00
      vertex -1.618700e+01 1.180000e+01 7.711000e+00
      vertex 1.400000e+01 1.180000e+01 9.300000e+00
    endloop
  endfacet
  facet normal 0.000000e+00 1.000000e+00 1.224647e-16
    outer loop
      vertex 1.535200e+01 1.180000e+01 8.861000e+00
      vertex -1.618700e+01 1.180000e+01 7.711000e+00
      vertex 1.471100e+01 1.180000e+01 9.187000e+00
    endloop
  endfacet
  facet normal 0.000000e+00 1.000000e+00 1.224647e-16
    outer loop
      vertex 1.586100e+01 1.180000e+01 8.352000e+00
      vertex -1.618700e+01 1.180000e+01 7.711000e+00
      vertex 1.535200e+01 1.180000e+01 8.861000e+00
    endloop
  endfacet
  facet normal 0.000000e+00 1.000000e+00 1.224647e-16
    outer loop
      vertex 1.618700e+01 1.180000e+01 7.711000e+00
      vertex -1.618700e+01 1.180000e+01 7.711000e+00
      vertex 1.586100e+01 1.180000e+01 8.352000e+00
    endloop
  endfacet
  facet normal 0.000000e+00 1.000000e+00 1.224647e-16
    outer loop
      vertex 1.630000e+01 1.180000e+01 7.000000e+00
      vertex -1.618700e+01 1.180000e+01 7.711000e+00
      vertex 1.618700e+01 1.180000e+01 7.711000e+00
    endloop
  endfacet
  facet normal 0.000000e+00 1.000000e+00 1.224647e-16
    outer loop
      vertex 1.618700e+01 1.180000e+01 6.289000e+00
      vertex -1.618700e+01 1.180000e+01 7.711000e+00
      vertex 1.630000e+01 1.180000e+01 7.000000e+00
    endloop
  endfacet
  facet normal 0.000000e+00 1.000000e+00 1.224647e-16
    outer loop
      vertex 1.586100e+01 1.180000e+01 5.648000e+00
      vertex -1.618700e+01 1.180000e+01 7.711000e+00
      vertex 1.618700e+01 1.180000e+01 6.289000e+00
    endloop
  endfacet
  facet normal 0.000000e+00 1.000000e+00 1.224647e-16
    outer loop
      vertex 1.535200e+01 1.180000e+01 5.139000e+00
      vertex -1.618700e+01 1.180000e+01 7.711000e+00
      vertex 1.586100e+01 1.180000e+01 5.648000e+00
    endloop
  endfacet
  facet normal 0.000000e+00 1.000000e+00 1.224647e-16
    outer loop
      vertex 1.471100e+01 1.180000e+01 4.813000e+00
      vertex -1.618700e+01 1.180000e+01 7.711000e+00
      vertex 1.535200e+01 1.180000e+01 5.139000e+00
    endloop
  endfacet
  facet normal 0.000000e+00 1.000000e+00 1.224647e-16
    outer loop
      vertex 1.400000e+01 1.180000e+01 4.700000e+00
      vertex -1.618700e+01 1.180000e+01 7.711000e+00
      vertex 1.471100e+01 1.180000e+01 4.813000e+00
    endloop
  endfacet
  facet normal 0.000000e+00 1.000000e+00 1.224647e-16
    outer loop
      vertex 2.114001e+00 1.180000e+01 3.845000e+00
      vertex -1.618700e+01 1.180000e+01 7.711000e+00
      vertex 1.400000e+01 1.180000e+01 4.700000e+00
    endloop
  endfacet
  facet normal 0.000000e+00 1.000000e+00 1.224647e-16
    outer loop
      vertex 2.093001e+00 1.180000e+01 3.829000e+00
      vertex -1.618700e+01 1.180000e+01 7.711000e+00
      vertex 2.114001e+00 1.180000e+01 3.845000e+00
    endloop
  endfacet
  facet normal 0.000000e+00 1.000000e+00 1.224647e-16
    outer loop
      vertex 1.801001e+00 1.180000e+01 3.654000e+00
      vertex -1.618700e+01 1.180000e+01 7.711000e+00
      vertex 2.093001e+00 1.180000e+01 3.829000e+00
    endloop
  endfacet
  facet normal 0.000000e+00 1.000000e+00 1.224647e-16
    outer loop
      vertex 1.493000e+00 1.180000e+01 3.506000e+00
      vertex -1.618700e+01 1.180000e+01 7.711000e+00
      vertex 1.801001e+00 1.180000e+01 3.654000e+00
    endloop
  endfacet
  facet normal 0.000000e+00 1.000000e+00 1.224647e-16
    outer loop
      vertex 1.174000e+00 1.180000e+01 3.386000e+00
      vertex -1.618700e+01 1.180000e+01 7.711000e+00
      vertex 1.493000e+00 1.180000e+01 3.506000e+00
    endloop
  endfacet
  facet normal 0.000000e+00 1.000000e+00 1.224647e-16
    outer loop
      vertex 8.460010e-01 1.180000e+01 3.295000e+00
      vertex -1.618700e+01 1.180000e+01 7.711000e+00
      vertex 1.174000e+00 1.180000e+01 3.386000e+00
    endloop
  endfacet
  facet normal 0.000000e+00 1.000000e+00 1.224647e-16
    outer loop
      vertex 5.100006e-01 1.180000e+01 3.234000e+00
      vertex -1.618700e+01 1.180000e+01 7.711000e+00
      vertex 8.460010e-01 1.180000e+01 3.295000e+00
    endloop
  endfacet
  facet normal 0.000000e+00 1.000000e+00 1.224647e-16
    outer loop
      vertex -2.114000e+00 1.180000e+01 3.845000e+00
      vertex -1.618700e+01 1.180000e+01 7.711000e+00
      vertex 5.100006e-01 1.180000e+01 3.234000e+00
    endloop
  endfacet
  facet normal 0.000000e+00 1.000000e+00 1.224647e-16
    outer loop
      vertex -1.801000e+00 1.180000e+01 3.654000e+00
      vertex 1.700004e-01 1.180000e+01 3.204000e+00
      vertex -1.699997e-01 1.180000e+01 3.204000e+00
    endloop
  endfacet
  facet normal 0.000000e+00 1.000000e+00 1.224647e-16
    outer loop
      vertex -1.493000e+00 1.180000e+01 3.506000e+00
      vertex -1.801000e+00 1.180000e+01 3.654000e+00
      vertex -5.099999e-01 1.180000e+01 3.234000e+00
    endloop
  endfacet
  facet normal 0.000000e+00 1.000000e+00 1.224647e-16
    outer loop
      vertex -8.460003e-01 1.180000e+01 3.295000e+00
      vertex -1.493000e+00 1.180000e+01 3.506000e+00
      vertex -5.099999e-01 1.180000e+01 3.234000e+00
    endloop
  endfacet
  facet normal 0.000000e+00 1.000000e+00 1.224647e-16
    outer loop
      vertex -5.099999e-01 1.180000e+01 3.234000e+00
      vertex -1.801000e+00 1.180000e+01 3.654000e+00
      vertex -1.699997e-01 1.180000e+01 3.204000e+00
    endloop
  endfacet
  facet normal 0.000000e+00 1.000000e+00 1.224647e-16
    outer loop
      vertex 1.700004e-01 1.180000e+01 3.204000e+00
      vertex -2.093000e+00 1.180000e+01 3.829000e+00
      vertex 5.100006e-01 1.180000e+01 3.234000e+00
    endloop
  endfacet
  facet normal 0.000000e+00 1.000000e+00 1.224647e-16
    outer loop
      vertex -2.093000e+00 1.180000e+01 3.829000e+00
      vertex -2.114000e+00 1.180000e+01 3.845000e+00
      vertex 5.100006e-01 1.180000e+01 3.234000e+00
    endloop
  endfacet
  facet normal 0.000000e+00 1.000000e+00 1.224647e-16
    outer loop
      vertex -1.471100e+01 1.180000e+01 4.813000e+00
      vertex -1.618700e+01 1.180000e+01 7.711000e+00
      vertex -1.400000e+01 1.180000e+01 4.700000e+00
    endloop
  endfacet
  facet normal 0.000000e+00 1.000000e+00 1.224647e-16
    outer loop
      vertex -1.535200e+01 1.180000e+01 5.139000e+00
      vertex -1.618700e+01 1.180000e+01 7.711000e+00
      vertex -1.471100e+01 1.180000e+01 4.813000e+00
    endloop
  endfacet
  facet normal 0.000000e+00 1.000000e+00 1.224647e-16
    outer loop
      vertex -1.586100e+01 1.180000e+01 5.648000e+00
      vertex -1.618700e+01 1.180000e+01 7.711000e+00
      vertex -1.535200e+01 1.180000e+01 5.139000e+00
    endloop
  endfacet
  facet normal 0.000000e+00 1.000000e+00 1.224647e-16
    outer loop
      vertex -1.618700e+01 1.180000e+01 6.289000e+00
      vertex -1.618700e+01 1.180000e+01 7.711000e+00
      vertex -1.586100e+01 1.180000e+01 5.648000e+00
    endloop
  endfacet
  facet normal 0.000000e+00 1.000000e+00 1.224647e-16
    outer loop
      vertex -1.630000e+01 1.180000e+01 7.000000e+00
      vertex -1.618700e+01 1.180000e+01 7.711000e+00
      vertex -1.618700e+01 1.180000e+01 6.289000e+00
    endloop
  endfacet
  facet normal 0.000000e+00 1.000000e+00 1.224647e-16
    outer loop
      vertex -1.173999e+00 1.180000e+01 3.386000e+00
      vertex -1.493000e+00 1.180000e+01 3.506000e+00
      vertex -8.460003e-01 1.180000e+01 3.295000e+00
    endloop
  endfacet
  facet normal 0.000000e+00 1.000000e+00 1.224647e-16
    outer loop
      vertex -1.801000e+00 1.180000e+01 3.654000e+00
      vertex -2.093000e+00 1.180000e+01 3.829000e+00
      vertex 1.700004e-01 1.180000e+01 3.204000e+00
    endloop
  endfacet
  facet normal 0.000000e+00 1.000000e+00 1.224647e-16
    outer loop
      vertex -2.114000e+00 1.180000e+01 3.845000e+00
      vertex -1.400000e+01 1.180000e+01 4.700000e+00
      vertex -1.618700e+01 1.180000e+01 7.711000e+00
    endloop
  endfacet
  facet normal -9.508037e-01 -3.097939e-01 -3.793881e-17
    outer loop
      vertex 8.837000e+00 8.603000e+00 7.500000e+00
      vertex 8.837000e+00 8.603000e+00 9.500000e+00
      vertex 8.649001e+00 9.180000e+00 7.500000e+00
    endloop
  endfacet
  facet normal -9.508037e-01 -3.097939e-01 -3.793881e-17
    outer loop
      vertex 8.649001e+00 9.180000e+00 7.500000e+00
      vertex 8.837000e+00 8.603000e+00 9.500000e+00
      vertex 8.649001e+00 9.180000e+00 9.500000e+00
    endloop
  endfacet
  facet normal -8.661033e-01 -4.998652e-01 -6.121583e-17
    outer loop
      vertex 8.649001e+00 9.180000e+00 7.500000e+00
      vertex 8.649001e+00 9.180000e+00 9.500000e+00
      vertex 8.346001e+00 9.705000e+00 7.500000e+00
    endloop
  endfacet
  facet normal -8.661033e-01 -4.998652e-01 -6.121583e-17
    outer loop
      vertex 8.346001e+00 9.705000e+00 7.500000e+00
      vertex 8.649001e+00 9.180000e+00 9.500000e+00
      vertex 8.346001e+00 9.705000e+00 9.500000e+00
    endloop
  endfacet
  facet normal -7.424730e-01 -6.698760e-01 -8.203615e-17
    outer loop
      vertex 8.346001e+00 9.705000e+00 7.500000e+00
      vertex 8.346001e+00 9.705000e+00 9.500000e+00
      vertex 7.940001e+00 1.015500e+01 7.500000e+00
    endloop
  endfacet
  facet normal -7.424730e-01 -6.698760e-01 -8.203615e-17
    outer loop
      vertex 7.940001e+00 1.015500e+01 7.500000e+00
      vertex 8.346001e+00 9.705000e+00 9.500000e+00
      vertex 7.940001e+00 1.015500e+01 9.500000e+00
    endloop
  endfacet
  facet normal -5.877787e-01 -8.090217e-01 -9.907659e-17
    outer loop
      vertex 7.940001e+00 1.015500e+01 7.500000e+00
      vertex 7.940001e+00 1.015500e+01 9.500000e+00
      vertex 7.450001e+00 1.051100e+01 7.500000e+00
    endloop
  endfacet
  facet normal -5.877787e-01 -8.090217e-01 -9.907659e-17
    outer loop
      vertex 7.450001e+00 1.051100e+01 7.500000e+00
      vertex 7.940001e+00 1.015500e+01 9.500000e+00
      vertex 7.450001e+00 1.051100e+01 9.500000e+00
    endloop
  endfacet
  facet normal -4.072090e-01 -9.133350e-01 -1.118513e-16
    outer loop
      vertex 7.450001e+00 1.051100e+01 7.500000e+00
      vertex 7.450001e+00 1.051100e+01 9.500000e+00
      vertex 6.896000e+00 1.075800e+01 7.500000e+00
    endloop
  endfacet
  facet normal -4.072090e-01 -9.133350e-01 -1.118513e-16
    outer loop
      vertex 6.896000e+00 1.075800e+01 7.500000e+00
      vertex 7.450001e+00 1.051100e+01 9.500000e+00
      vertex 6.896000e+00 1.075800e+01 9.500000e+00
    endloop
  endfacet
  facet normal -2.078390e-01 -9.781631e-01 -1.197904e-16
    outer loop
      vertex 6.896000e+00 1.075800e+01 7.500000e+00
      vertex 6.896000e+00 1.075800e+01 9.500000e+00
      vertex 6.303000e+00 1.088400e+01 7.500000e+00
    endloop
  endfacet
  facet normal -2.078390e-01 -9.781631e-01 -1.197904e-16
    outer loop
      vertex 6.303000e+00 1.088400e+01 7.500000e+00
      vertex 6.896000e+00 1.075800e+01 9.500000e+00
      vertex 6.303000e+00 1.088400e+01 9.500000e+00
    endloop
  endfacet
  facet normal 0.000000e+00 -1.000000e+00 -1.224647e-16
    outer loop
      vertex 6.303000e+00 1.088400e+01 7.500000e+00
      vertex 6.303000e+00 1.088400e+01 9.500000e+00
      vertex -6.303000e+00 1.088400e+01 7.500000e+00
    endloop
  endfacet
  facet normal 0.000000e+00 -1.000000e+00 -1.224647e-16
    outer loop
      vertex -6.303000e+00 1.088400e+01 7.500000e+00
      vertex 6.303000e+00 1.088400e+01 9.500000e+00
      vertex -6.303000e+00 1.088400e+01 9.500000e+00
    endloop
  endfacet
  facet normal 2.078390e-01 -9.781631e-01 -1.197904e-16
    outer loop
      vertex -6.303000e+00 1.088400e+01 7.500000e+00
      vertex -6.303000e+00 1.088400e+01 9.500000e+00
      vertex -6.896000e+00 1.075800e+01 7.500000e+00
    endloop
  endfacet
  facet normal 2.078390e-01 -9.781631e-01 -1.197904e-16
    outer loop
      vertex -6.896000e+00 1.075800e+01 7.500000e+00
      vertex -6.303000e+00 1.088400e+01 9.500000e+00
      vertex -6.896000e+00 1.075800e+01 9.500000e+00
    endloop
  endfacet
  facet normal 4.072090e-01 -9.133350e-01 -1.118513e-16
    outer loop
      vertex -6.896000e+00 1.075800e+01 7.500000e+00
      vertex -6.896000e+00 1.075800e+01 9.500000e+00
      vertex -7.449999e+00 1.051100e+01 7.500000e+00
    endloop
  endfacet
  facet normal 4.072090e-01 -9.133350e-01 -1.118513e-16
    outer loop
      vertex -7.449999e+00 1.051100e+01 7.500000e+00
      vertex -6.896000e+00 1.075800e+01 9.500000e+00
      vertex -7.449999e+00 1.051100e+01 9.500000e+00
    endloop
  endfacet
  facet normal 5.877787e-01 -8.090217e-01 -9.907659e-17
    outer loop
      vertex -7.449999e+00 1.051100e+01 7.500000e+00
      vertex -7.449999e+00 1.051100e+01 9.500000e+00
      vertex -7.939999e+00 1.015500e+01 7.500000e+00
    endloop
  endfacet
  facet normal 5.877787e-01 -8.090217e-01 -9.907659e-17
    outer loop
      vertex -7.939999e+00 1.015500e+01 7.500000e+00
      vertex -7.449999e+00 1.051100e+01 9.500000e+00
      vertex -7.939999e+00 1.015500e+01 9.500000e+00
    endloop
  endfacet
  facet normal 7.424730e-01 -6.698760e-01 -8.203615e-17
    outer loop
      vertex -8.345999e+00 9.705000e+00 7.500000e+00
      vertex -7.939999e+00 1.015500e+01 7.500000e+00
      vertex -7.939999e+00 1.015500e+01 9.500000e+00
    endloop
  endfacet
  facet normal 7.424730e-01 -6.698760e-01 -8.203615e-17
    outer loop
      vertex -8.345999e+00 9.705000e+00 9.500000e+00
      vertex -8.345999e+00 9.705000e+00 7.500000e+00
      vertex -7.939999e+00 1.015500e+01 9.500000e+00
    endloop
  endfacet
  facet normal 8.661033e-01 -4.998652e-01 -6.121583e-17
    outer loop
      vertex -8.649000e+00 9.180000e+00 7.500000e+00
      vertex -8.345999e+00 9.705000e+00 7.500000e+00
      vertex -8.345999e+00 9.705000e+00 9.500000e+00
    endloop
  endfacet
  facet normal 8.661033e-01 -4.998652e-01 -6.121583e-17
    outer loop
      vertex -8.649000e+00 9.180000e+00 9.500000e+00
      vertex -8.649000e+00 9.180000e+00 7.500000e+00
      vertex -8.345999e+00 9.705000e+00 9.500000e+00
    endloop
  endfacet
  facet normal 9.508037e-01 -3.097939e-01 -3.793881e-17
    outer loop
      vertex -8.837000e+00 8.603000e+00 7.500000e+00
      vertex -8.649000e+00 9.180000e+00 7.500000e+00
      vertex -8.649000e+00 9.180000e+00 9.500000e+00
    endloop
  endfacet
  facet normal 9.508037e-01 -3.097939e-01 -3.793881e-17
    outer loop
      vertex -8.837000e+00 8.603000e+00 9.500000e+00
      vertex -8.837000e+00 8.603000e+00 7.500000e+00
      vertex -8.649000e+00 9.180000e+00 9.500000e+00
    endloop
  endfacet
endsolid Default
